Plant capacity [kg dry microalgae/h],0.004,0.00410169,0.00420339,0.00430508,0.00440678,0.00450847,0.00461017,0.00471186,0.00481356,0.00491525,0.005,0.00511864,0.00522034,0.00532203,0.00542373,0.00552542,0.00562712,0.00572881,0.00583051,0.0059322,0.0060339,0.00613559,0.00623729,0.00633898,0.00644068,0.00654237,0.00664407,0.00674576,0.00684746,0.00694915,0.00705085,0.00715254,0.00725424,0.00735593,0.00745763,0.00755932,0.00766102,0.00776271,0.00786441,0.0079661,0.0080678,0.00816949,0.00827119,0.00837288,0.00847458,0.00857627,0.00867797,0.00877966,0.00888136,0.00898305,0.00908475,0.00918644,0.00928814,0.00938983,0.00949153,0.00959322,0.00969492,0.00979661,0.00989831,0.01
4000.0,18.60487863278493,18.428501514358025,18.282762355207794,18.139485539893673,17.99862235096167,17.860110556748147,17.723892138510493,17.589910951650232,17.458112312901186,17.333347243990282,17.22678745207457,17.080175411971336,16.956497719754726,16.83481324009745,16.71501851975933,16.60387643523671,16.487679214548372,16.373245322764213,16.265245908190376,16.154183397138763,16.0447521633116,15.936962598345215,15.830740659502325,15.72605762313825,15.622882832920094,15.523902843127324,15.423628397361128,15.324768108346124,15.227292266183865,15.131171975131732,15.0406779389221,14.947155709424324,14.838586389079264,14.751998318935662,14.662301116334277,14.573801448419076,14.486475063166447,14.400298969933367,14.319895525448045,14.210123188229618,14.127400568986879,14.048516435691715,13.967881312044023,13.888272256465928,13.809660889571733,13.732033490805103,13.65537025465516,13.579654215273456,13.50486800461963,13.430994603454897,13.358017578953131,13.285920336865212,13.214687233172484,13.144302813848753,13.07475199127136,13.006020212875418,12.93809273188653,12.870955677178644,12.809706542221974,12.744080044173604
4033.898305,18.462255337085146,18.287343165078912,18.142811921217884,18.00072253002112,17.861026759389958,17.723662879041807,17.58857335567177,17.455702513127548,17.324996121809924,17.20126443274236,17.09558762292691,16.950190758701055,16.82753788649127,16.706861797242734,16.588059798127922,16.47783793186149,16.362603609863623,16.24911799635544,16.142012981905623,16.031870787719434,15.923346251129749,15.816449945394382,15.711108224903526,15.607292630435474,15.50497277786964,15.40681263705801,15.307369077836713,15.209327950401823,15.112659791376569,15.017335944679232,14.927591224104402,14.834843902106732,14.72717607876694,14.641304929748564,14.552350913168503,14.464584504348647,14.377981649695524,14.292519550568269,14.212781717870962,14.103921914755295,14.021884634516404,13.943653658922628,13.863686581857664,13.78473709951719,13.7067770056915,13.629792726946832,13.553764609988116,13.478675836670398,13.404509183776298,13.33124777333402,13.258875310002903,13.1873753347518,13.116732334486468,13.04693098332848,12.977956318764393,12.909793910047497,12.842429130387611,12.775848224832272,12.715105849242319,12.650022982165254
4067.79661,18.321416545975413,18.147950008406642,18.004611574733733,17.863694758813995,17.725151807820993,17.588921486586834,17.45494674116424,17.32317235799144,17.193544555467437,17.070833495249378,16.9660286246263,16.821831738835623,16.700190869849898,16.580510559702496,16.46268886646953,16.353375947822986,16.23909248032606,16.126543283781345,16.020321646690437,15.91108825657825,15.80345907478588,15.697444854096966,15.592972340694299,15.49001325026564,15.388537976392538,15.291187534173659,15.192564458549501,15.095332233598677,14.99946164217247,14.90492426532054,14.815919626090357,14.723937506449467,14.617159321719528,14.531996269141331,14.443776134435797,14.356733805127668,14.270845423550377,14.18608838064914,14.107006623828179,13.999038150173726,13.917679627248733,13.840108707147333,13.760800998617281,13.682498363130813,13.60518074028017,13.528830560092846,13.4534294767742,13.378960093756742,13.305405239227978,13.232748158600316,13.160972689442882,13.090062505740057,13.02000222357419,12.95077664358003,12.882370926770724,12.814770762674694,12.747961642971958,12.681929927413009,12.621686861791424,12.557123445700231
4101.694915,18.18232470896797,18.010284915039307,17.868124504161308,17.72836572702688,17.590961304088825,17.455850489161186,17.322976701713607,17.19228518503823,17.06372259997373,16.942019683240908,16.838075941206554,16.695064156103765,16.574422743176708,16.45572586612042,16.33887232460025,16.230457316449833,16.117112912654274,16.005488521305868,15.900139468232751,15.791803611632037,15.685058681077228,15.579915605377224,15.476301520166379,15.374188397290668,15.273546895814997,15.1769961929866,15.079183433183832,14.98275008936847,14.887667184815522,14.793906534297944,14.705632954328108,14.614406555345413,14.508506427248493,14.424042847249217,14.336547502643405,14.250220282231455,14.165037521853868,14.080976799721668,14.002544498715665,13.895464220260804,13.814774074066921,13.737840310896843,13.659184127104645,13.581524756999956,13.504842295588135,13.429119324406836,13.354337646850531,13.280480010777012,13.207529385602351,13.135469154507414,13.064283289142828,12.993955595367087,12.924470816948341,12.855813879497205,12.787970066041257,12.720925184914737,12.654664844810235,12.589174323183244,12.529420691988946,12.465402738045112
4135.59322,18.044943377186666,17.874311844554793,17.73331497751683,17.594700005850203,17.458420117458473,17.32441504912378,17.192628687912606,17.063006728356754,16.93549626830099,16.814789267588964,16.71169606902995,16.569854817188332,16.450200574864528,16.332475042400507,16.216577751937198,16.109049843901616,15.996632958971157,15.885922003275036,15.781434963631495,15.673985605104344,15.568114053570266,15.463831412525181,15.3610652003517,15.259787643577456,15.159969663026088,15.06420895712197,14.967196549427463,14.871552263637625,14.777247360491776,14.68425388561697,14.596702518876697,14.506222547160945,14.401189134614633,14.31741657237875,14.23063710751747,14.145016204661612,14.060530390790806,13.977157429065548,13.899366754416345,13.793162891383552,13.713132909793874,13.63682856770315,13.558815902835326,13.481791893806902,13.405736789104647,13.33063331991725,13.256463436998828,13.183210030858065,13.110856210395289,13.039385494874773,12.968781988379353,12.899029627019958,12.830113280679846,12.762017998415292,12.694729183765272,12.628232762409777,12.562514458618676,12.497559662555027,12.438294713339424,12.374800422743897
4169.491525,17.909237162114724,17.73999580470614,17.600148301996096,17.46266319683967,17.32749413888874,17.194581342001673,17.063869155142758,16.935303718586653,16.80883256185375,16.689109500158388,16.586856478888492,16.44617149417615,16.327492391099568,16.210726364753594,16.095773670829587,15.989122272751793,15.877621600654702,15.767812946245991,15.664176045335974,15.557597015045083,15.45260104166357,15.349165796560351,15.247234523980225,15.14678273526965,15.047777271901186,14.952796885067832,14.856575045132974,14.761710189965351,14.668173799138746,14.575938143548527,14.48910032189579,14.399357673500168,14.295179875405694,14.212090046306955,14.12601773269976,14.041094535587163,13.957297170740986,13.874602251605971,13.797440731135206,13.692105944406805,13.612735707161495,13.537048381030017,13.459671618133246,13.383274358246346,13.307838846325179,13.233347306756762,13.159781757013967,13.087125214654193,13.015360923923568,12.944472538071178,12.874444291914392,12.805260250210308,12.73690540741111,12.669364934502262,12.602624354064503,12.536669707687148,12.47148564772576,12.407055734208974,12.348275961755473,12.285308385258608
4203.389831,17.77848278823467,17.610585338690576,17.471845171400446,17.335448617747147,17.201349771555613,17.069489306313503,16.93981201598891,16.81226447028364,16.68679461460107,16.568018726217524,16.46657516664958,16.327004178032738,16.20926456507948,16.09342296746862,15.979380337968575,15.873572313625408,15.762954368655588,15.654015038463363,15.551197915238472,15.445462592992707,15.341297791501832,15.238681446669034,15.13755711201344,15.037900544713374,14.939678838775343,14.845449952672695,14.749989822560243,14.65587592859432,14.56307997634419,14.471574456405417,14.385423423904836,14.2963911686602,14.193040351946669,14.110607612179411,14.025216608997566,13.94096562200923,13.857831548904404,13.77579117997639,13.699239716590636,13.594742346017593,13.516000367644022,13.440911701267538,13.364147369334988,13.288354776132183,13.213516312997903,13.139614347094488,13.06663103613433,12.99454953342477,12.923353215953892,12.853025866475447,12.783551845831584,12.71491534275038,12.647101471698683,12.580095521136343,12.513883128335397,12.448450446550638,12.383782238890063,12.319862183632113,12.261546814526392,12.199077593768198
4237.288136,17.645998198647426,17.479456122971683,17.341838050184563,17.20654455588061,17.073530184612693,16.942736075634315,16.814107473849003,16.687591384124183,16.563136173299288,16.44532119312785,16.344697874734674,16.206255716809885,16.08946810454824,15.974563245452217,15.861442798667385,15.756490921855493,15.646767446060169,15.538709003646842,15.436723630375955,15.331843230206939,15.22852064801958,15.126734088305575,15.02642741678233,14.927576640146716,14.830149108337572,14.736682327011117,14.6419940256683,14.548641068895174,14.456595391259022,14.365829705982609,14.280375559574091,14.19206312723075,14.089546572637236,14.007780643374723,13.923080012016904,13.839510175382241,13.757048215482735,13.675671101804337,13.599738861220613,13.49608418856679,13.41797885539171,13.343497471953324,13.267353741468476,13.192173881709197,13.117940432365192,13.044635905287578,12.97224260029277,12.900743808247668,12.830123040669623,12.76036421154183,12.691451809423157,12.62337014865765,12.556104465333092,12.48964016695881,12.423963007026977,12.359059251960147,12.294913777064314,12.231510380202735,12.173666768228152,12.111702543939408
4271.186441,17.515088957877285,17.349885286442554,17.213375972839355,17.079172428802867,16.94722964424206,16.817489218642454,16.68989684247908,16.564399950614963,16.440947326317563,16.32408198356252,16.224269157369918,16.086942413418615,15.971095486845226,15.857116232657722,15.74490700798865,15.64080130958655,15.531961670172832,15.424773644193765,15.32361027659003,15.219574634770119,15.117084259140036,15.016117619629025,14.91661889042956,14.818564324804399,14.721921525576827,14.629207871217638,14.535282222161172,14.44268115558845,14.35137683234822,14.26134218563875,14.176576770220578,14.088975601714612,13.98728289460646,13.906175980897714,13.822157514917386,13.739260731805043,13.6574628957027,13.576741153162242,13.5014209156821,13.398598139744747,13.321121888330174,13.247240657669584,13.171710155057863,13.09713574864883,13.023500124720242,12.950785938097901,12.87897562900346,12.808052624243983,12.738000568254712,12.66880350469405,12.600446048322347,12.532912637601624,12.466188628800632,12.400259547059894,12.335111260714267,12.270730148010248,12.207101195113461,12.14420831803576,12.086831013632848,12.025365784687102
4305.084746,17.38572353244394,17.22184164757009,17.086428024657724,16.953301584115444,16.82241775593524,16.693718594405755,16.567150230322003,16.44266052347943,16.320198668660506,16.204271915908485,16.105260028024244,15.969035549809742,15.854118220343626,15.74105366025609,15.629744916431575,15.52647562384163,15.418509400811246,15.31218152948227,15.211830616221008,15.108629772430795,15.006961790975389,14.906805404211523,14.808105091114156,14.71083734857711,14.614970029349394,14.52300070265252,14.429828713070144,14.337970670790254,14.24739896026746,14.158086732087575,14.07400205391204,13.987103761505782,13.88622470282758,13.805769163828934,13.722424821011098,13.640193156630003,13.559051614806792,13.478977517074831,13.404262205398963,13.302260752816292,13.225406170678175,13.15211810405266,13.077193603251251,13.00321751574394,12.93017267266672,12.858041870135722,12.786807687125506,12.716453684774583,12.64696363887628,12.57832172123569,12.510512671325422,12.44352105026297,12.37733233308343,12.31193216117213,12.247306516351625,12.183441887374281,12.120323369965668,12.05793499689517,12.00101865707493,11.940046542594187
4338.983051,17.257871269479228,17.095294895337688,16.96096415400983,16.828902225172484,16.6990649737292,16.571394903459613,16.445838580331163,16.322344284096506,16.20086161625091,16.08586262328103,15.987642309452859,15.852507209724386,15.738508608887852,15.626348048662344,15.51592925762109,15.413486789342805,15.30638376955186,15.200905994800829,15.101358172171013,14.998982363845561,14.8981271590039,14.798771549472724,14.700860315341059,14.604370194350343,14.509269286230321,14.418035661430245,14.325608517054397,14.234484809178596,14.14463714325363,14.056038884705156,13.972627106916816,13.88642346941042,13.78634806951319,13.706536414229843,13.62385831200743,13.542283989078188,13.461791067441297,13.382357041563075,13.308239716936534,13.207049235099484,13.130809056892327,13.05810730306283,12.983781721407954,12.910396959930502,12.837935992934574,12.766381756176163,12.695716965757345,12.625925315582126,12.556990711263806,12.488897451257719,12.421630398290805,12.355174234703547,12.289514552907388,12.224637109173408,12.16052799748907,12.097173815818769,12.034559768166279,11.972670002734482,11.916209388144924,11.855724624163805
4372.881356,17.131502365334985,16.97021555821318,16.836955141566264,16.70594538056268,16.577142569955686,16.450489657807854,16.325933640207356,16.203423212001347,16.082908376671227,15.968826524483573,15.871388604846539,15.73733025010821,15.624239723428794,15.512972679399535,15.403433520383981,15.301808480784526,15.195558652210337,15.090921114037345,14.992167200788813,14.890606857583958,14.790555001498323,14.691990880041047,14.594859571624692,14.499138051852267,14.404794664554657,14.314288284648036,14.222597344806347,14.13219945259203,14.043067431892277,13.955174860479115,13.87242829880218,13.78691125692774,13.687629729611919,13.608454612783884,13.52643502381418,13.445510418212962,13.365658593788057,13.286857215938214,13.213331074328623,13.11294142508989,13.037308528502212,12.965186369942355,12.891452764192984,12.81865247353357,12.74676861377483,12.675784258690161,12.605682259922629,12.536446442602369,12.46806084065962,12.400509877725298,12.333778538359503,12.267851624715052,12.202714845220825,12.138354069703064,12.074755503010518,12.011905851056994,11.949790424867752,11.8883934867252,11.832383459483104,11.772380395142303
4406.779661,17.00658783552698,16.846574974453873,16.714372570859922,16.584402874922894,16.456622606302137,16.33097515222132,16.207407933947163,16.085870056639305,15.966311921151572,15.853136796203906,15.756472270213651,15.623478273753774,15.511285374882801,15.400901568176065,15.292231922032014,15.191415096300112,15.086008642516521,14.982201673544562,14.88423266591643,14.783478404538704,14.684220652962054,14.58643891237603,14.4900785553063,14.395116792659614,14.301522209588612,14.211734781719096,14.12077157456124,14.031091145713312,13.942666534974897,13.85547153002678,13.773382648614682,13.688544300578517,13.59004705736517,13.51150127550196,13.430132623402338,13.349850259944715,13.270632156726055,13.192456148108613,13.119514516608033,13.019915769841276,12.94488317191326,12.873334021173804,12.800185583686183,12.727963042506945,12.656649653327626,12.586228626353401,12.516682947207784,12.447996570738953,12.380153657715276,12.313138755508902,12.24693696910722,12.181533219101178,12.116913328600821,12.053063279682403,11.989969386780878,11.9276184625193,11.86599592370963,11.805086145428435,11.749521665662693,11.689994760708991
4440.677966,16.88309948597518,16.724345263696225,16.59318880008881,16.46424730099682,16.33747790609142,16.21282443675696,16.09023473457821,15.969658310354962,15.851045957770273,15.738767346426302,15.642867387967996,15.510925603127545,15.399620088167092,15.29010943911295,15.182299382794579,15.082281732067678,14.977709026909976,14.874723147135562,14.777530214055432,14.677572833028702,14.579100121471598,14.482091830635294,14.386493624440396,14.292282946255112,14.19942861977621,14.110352010778405,14.020108228679206,13.931137072801384,13.843411796397785,13.756906394661097,13.675467802079256,13.59130039927117,13.493578043867739,13.415654531419564,13.334929386649126,13.25528193503292,13.176690319974282,13.099132542868329,13.026768876028704,12.927951304560157,12.85351215721704,12.782529553377927,12.709959608404919,12.638308225596782,12.567558798925374,12.497694673474308,12.428698967318192,12.360555763540601,12.293249348304576,12.226764391311969,12.161086116601895,12.096199561850774,12.032090663544963,11.968745514728166,11.90615053817198,11.844292651990008,11.783157377579393,11.722729201516284,11.66760532510777,11.608549146585071
4474.576271,16.76100988547655,16.60349929971812,16.473376935177154,16.34545199288965,16.219682027777818,16.096011290464343,15.97438803809579,15.854762182517403,15.73708490579753,15.625692788950037,15.530548741621523,15.399647255304188,15.289219077329353,15.180571700072232,15.073611501341144,14.974384158000202,14.870635760419711,14.768461672146385,14.672036150596004,14.572866625436982,14.475170063497963,14.3789264632237,14.284081776711371,14.190613677115453,14.098491223982169,14.010117456083425,13.920584951195853,13.832315035416597,13.745281173038972,13.659457564409614,13.5786620097701,13.495157952617216,13.398201275585736,13.320893101245531,13.240804177135477,13.161784448023347,13.083812227166518,13.006865681111387,12.935073557682692,12.837027630536197,12.763175217799562,12.692752823112595,12.620754823241093,12.549668134398178,12.47947628727216,12.410162760297023,12.341710802501797,12.274104623753445,12.207328634188677,12.141367624455453,12.07620693629919,12.01183172315437,11.948228033600273,11.885382070392653,11.823280363415279,11.761909935076023,11.701256410174068,11.64130438554545,11.586616261462057,11.528025480872861
4508.474576,16.64233080784846,16.486031097303485,16.356913911881197,16.2299770849339,16.105178585051647,15.98246308245515,15.861779238306504,15.743077354257407,15.62630898989103,15.515778130344145,15.421368846745011,15.291478555681584,15.181903170520362,15.074094914481165,14.96796079813575,14.869501052101363,14.766553906478382,14.665168904258273,14.569488916655141,14.471085227789764,14.374143067233042,14.278642787791025,14.184530551657533,14.091784265076143,14.000373219095227,13.912682398175653,13.823841282118975,13.736252998793104,13.649891217620066,13.564730338365726,13.484559462553651,13.401700205888057,13.305489240103727,13.2287788120144,13.149308314882106,13.070898752330189,12.993528602737763,12.917176195101378,12.845939232232904,12.748645609922217,12.675363523466064,12.605485415418228,12.534043355380668,12.46350555815209,12.393855687367028,12.325077351069126,12.257153925583614,12.19006974400925,12.123809336988124,12.058357612725493,11.993700027374352,11.929821846901058,11.866709228828176,11.804348482558378,11.742726242085984,11.681829631192613,11.621644376915942,11.562155190073446,11.507890139897725,11.449751748439914
4542.372881,16.52295171213568,16.367866582672985,16.239760550834458,16.113817724542027,15.989996478337428,15.8682419021548,15.748503063489958,15.630730656143447,15.514876619466284,15.405212836851547,15.311542689958756,15.182669612154665,15.07395209499748,14.966987953892195,14.861684835945594,14.763998210145026,14.661857077208792,14.561265849382014,14.466336483708112,14.36870316299931,14.272519924301394,14.177767361920937,14.084391919915287,13.992371729232502,13.901676311522971,13.814672870999742,13.726527243251724,13.639624633924486,13.553938918793081,13.46944469823133,13.389902807421029,13.307692169969355,13.212229044735029,13.136120521056625,13.057272124445424,12.979476352864861,12.902711850777706,12.8269571086586,12.756279243592534,12.659738810441086,12.58703044351237,12.517700261781375,12.446817459175392,12.376831829096435,12.30772716886309,12.239487216913524,12.172095477615592,12.10553640804371,12.039794660064263,11.974855260143045,11.910703779528903,11.847325597377118,11.78470698082098,11.722834346537654,11.661694433256844,11.601274466744307,11.541560275137812,11.482536677057963,11.428697976333194,11.37101465719058
4576.271186,16.40489347572209,16.251008789975703,16.123902729930023,15.998942912198226,15.876088112776356,15.75528383666514,15.636479553205133,15.519626344007866,15.404676523989787,15.29587035176181,15.202931167068147,15.075064052617881,14.967194915841286,14.861065554152091,14.756584244148756,14.659662357467615,14.558318321796648,14.458512088314862,14.36432515892135,14.267453684351773,14.172020972109962,14.078007855325794,13.98536105682785,13.894058929766729,13.804071223853184,13.717747627294253,13.630289793687114,13.544065272770744,13.459048144384663,13.375213207290003,13.296293449820215,13.214724255197307,13.120000291021277,13.044487121792493,12.966253944710814,12.889065175018848,12.812899621430445,12.737735934111667,12.667611098197304,12.571814881088034,12.49967389139213,12.430885647990593,12.360555919799294,12.291116352243058,12.222550874844845,12.154843354993547,12.087977423688002,12.021937660605765,11.956708837495945,11.892276097780194,11.828625126529257,11.765741414838871,11.703611338233667,11.642221419485233,11.58155850090092,11.52160990910242,11.462361572208508,11.403798415457103,11.350381477870258,11.293148199023879
4610.169492,16.288131464431014,16.135433358115975,16.009316296532262,15.885328700200574,15.763429742141046,15.643565337874778,15.525685354167969,15.409741256189532,15.295685730303758,15.187727876764555,15.095511632171457,14.968639440919867,14.861609373797114,14.756305630064087,14.652637108901601,14.556471734204909,14.45591604662296,14.356884765240148,14.263430796936902,14.167291080649932,14.072634094246819,13.979344458512365,13.887418539187044,13.796825583892113,13.707537684917288,13.621886509325588,13.535108912380036,13.44955503245533,13.365199148427715,13.282016254765992,13.203711903097528,13.122777106647867,13.0287837893603,12.953859543394314,12.876234831334251,12.799646399309664,12.724071935502032,12.649490345369566,12.579905951690886,12.484863410651803,12.413276606649319,12.345024601773869,12.275240991631126,12.206341374727378,12.138309140383331,12.07112820404354,12.00478230796598,11.93925615062506,11.874534621898963,11.810602980796343,11.747447024944373,11.685052356135454,11.623405457096512,11.562492955520364,11.502301796148608,11.442818244279513,11.384027572558155,11.325917820771728,11.27293145162179,11.216137012188456
4644.067797,16.17264168568398,16.021116560289833,15.895977726872227,15.77295176437153,15.651998238488128,15.533063470785095,15.41609772113693,15.301052834086793,15.187881863401302,15.080763207178567,14.989262029029502,14.863373925111041,14.757173789201623,14.65268667148718,14.549822086954896,14.454405147131984,14.354629220373049,14.256365860718244,14.163638412541852,14.068244004535606,13.974321163773572,13.881754903468591,13.790541779516978,13.700651269136872,13.612055688021506,13.527069698806828,13.44096493440115,13.356074392410957,13.272372551344022,13.189834599739575,13.112139053848114,13.03183174549069,12.93856072780354,12.864219095302959,12.787196222362844,12.711201590543027,12.636213049315238,12.56220966679401,12.493166503378331,12.39885072711056,12.327818979306464,12.26009726697821,12.190854708313307,12.122489283076497,12.05498451027989,11.98832443150775,11.922492912892027,11.857474772844201,11.793255018522274,11.729819023345568,11.667152696291176,11.605241748655281,11.5440727692036,11.483632489414362,11.423907955355848,11.364885531586452,11.306550596016377,11.248891274446507,11.196317724716263,11.139963551895384
4677.966102,16.058400767136217,15.908035282865267,15.783864105119429,15.661789383311676,15.54177107157479,15.423755893124001,15.30769449668864,15.193539102088927,15.081243126520544,14.97495471219752,14.884160871446053,14.759246218002612,14.65386704269909,14.550187724212485,14.44811838667601,14.35344195080142,14.254437355330756,14.156933615853717,14.064924943690622,13.970267786105637,13.877071153689577,13.785220448042743,13.694712413064355,13.605516753106427,13.517606004845907,13.433278073729836,13.34783886707125,13.2636044908841,13.180549621143545,13.098649638362968,13.021556415925845,12.941869810454916,12.849312901612224,12.775547685428279,12.699120145615607,12.623712894915377,12.549303942336758,12.475872516897141,12.40736484146489,12.313767370904666,12.243284682244022,12.176087598006132,12.107380244651102,12.039543239035915,11.972560228460992,11.906415379287317,11.84109268018259,11.776577068202243,11.712853666513242,11.64990796170965,11.587725972916576,11.52629351974976,11.465597295868516,11.405624135416327,11.346361184691037,11.287794906438172,11.229910782703795,11.172697024375863,11.120531952814265,11.064613288752515
4711.864407,15.945385936188888,15.796167005146096,15.672953103284447,15.551819418486588,15.432726289121359,15.31562083575434,15.20045409179369,15.087178648315517,14.975748282046133,14.870281315937383,14.780187224427152,14.656235578504216,14.55166855673179,14.448788371588398,14.34750574981918,14.253562029451043,14.155320489411775,14.058568219909132,13.96727071936888,13.873342901585731,13.780864684688519,13.689721855461809,13.599911343565168,13.511403078002814,13.42416981406269,13.34049294189912,13.25571215084147,13.172126899098336,13.089712057988553,13.00844319794356,12.931945933512024,12.852873369448908,12.761022533063754,12.687827647694615,12.611989053632396,12.537162881987298,12.463327299602202,12.39046169469312,12.322483867708625,12.229596406457599,12.159656889160871,12.09297887092888,12.024800983262832,11.95748673041702,11.891019886606557,11.825384741632057,11.76056540538253,11.696546932280953,11.633314560263953,11.57085388788513,11.50915104323603,11.44819195309181,11.387963414877577,11.328452364302558,11.269644948157858,11.211529211455199,11.154060065578488,11.097328819000907,11.04555987546031,10.990072197290404
4745.762712,15.833575000311903,15.685489779913418,15.563222961959768,15.443020295108164,15.324842497853762,15.208637083880205,15.094355467183513,14.981950606133779,14.871376633169653,14.766722479227251,14.677320686115397,14.554321793725645,14.450558277768378,14.348468716892201,14.247964434036744,14.154745779625705,14.057259168931465,13.961250366693747,13.870656569618257,13.77745032361592,13.685682870871025,13.595240378904926,13.506119961127391,13.418291768874326,13.33172877371299,13.24869608721863,13.164566698882442,13.081623657660781,12.999842028147743,12.919197568656326,12.84329001070358,12.764824947140218,12.673672297170592,12.60104176594691,12.525785845842286,12.45153456523726,12.378266247121982,12.30596043721385,12.238506920311298,12.146321329354695,12.076919202158784,12.010754787623787,11.943100729859166,11.876303665447484,11.810347494170298,11.745216627953695,11.68089529661332,11.61736867069827,11.554622101686277,11.492641298903472,11.43141249824569,11.370921732505542,11.311155901773208,11.252102042237544,11.19374639920698,11.136077116599889,11.079049252073133,11.022754027970766,10.971385124968869,10.91632369867397
4779.661017,15.722946328163705,15.575982214757989,15.45465247180946,15.335370983793108,15.218098845308289,15.102783959008818,14.989378115443666,14.877834636409855,14.768108006282723,14.664258182153555,14.575541370426972,14.45348516177048,14.350516659251545,14.24920936641058,14.149475196083847,14.056974093502976,13.960234432046725,13.864961238129602,13.775063809130051,13.682571506668515,13.591507304096776,13.501757745550165,13.413320126397824,13.326164817896448,13.2402650056101,13.157869754188448,13.074384881689165,12.992077261289284,12.910922148809721,12.830895488467192,12.755571496534328,12.677707510094907,12.587245306936321,12.515173259288344,12.440493854021348,12.366811387602061,12.294104337520185,12.222352405338665,12.155417758139198,12.063926052330626,11.995055637783375,11.929399461920699,11.862263699473749,11.795978359088295,11.73052746477838,11.665895549307834,11.602066961154383,11.539026985758207,11.476761086946931,11.41525508364405,11.354495318414335,11.294467928944568,11.23515991690507,11.176558417909256,11.118649774731566,11.061422229151399,11.004830984044835,10.948967175167622,10.897994198123458,10.843354519444521
4813.559322,15.613478831442523,15.467623454171413,15.347220955766632,15.228850982918978,15.112475002353111,14.998041301606367,14.885502043837809,14.774810910451833,14.66592273407597,14.562868907253536,14.474829890381724,14.353706475223051,14.251524645200913,14.150991413174832,14.052019275682506,13.960228342871233,13.864227792860751,13.76968248847455,13.680474221663424,13.588688370532198,13.498320038115288,13.40925614125599,13.32149415534956,13.235004669268811,13.149761080327485,13.067996633012418,12.985149512302375,12.903470644123956,12.822935473522453,12.743520128665313,12.668773670599212,12.591504452476277,12.501725099195543,12.43020576802647,12.356096828310605,12.28297720759425,12.210825536247215,12.139621670019686,12.073200548080555,11.982394891800402,11.914050613650492,11.848897406278944,11.782274503238751,11.71649551988613,11.651544603167558,11.587406405415994,11.524065392526836,11.461506963632356,11.399716693722517,11.338680510172741,11.278384861096754,11.218815987978713,11.159960993000663,11.101807110156017,11.044340778670287,10.987550337170058,10.9313911315512,10.875954213726262,10.825373120103539,10.771150765090383
4847.457627,15.505151947453987,15.360393162263875,15.240908251994545,15.123440301707983,15.0079511463904,14.89438945444977,14.782707757776166,14.672860093635808,14.564801639279649,14.462535623412604,14.375167342091178,14.254967005281816,14.153563654478017,14.053796421339568,13.955578380030076,13.864490363734186,13.76922122614672,13.675396229165477,13.58687004492253,13.495783285641092,13.406103573944959,13.317718195831343,13.230624804666519,13.144794204704873,13.060200002811667,12.979059845298814,12.896843832099606,12.815787165628201,12.735865478176471,12.657055079947893,12.582880229221391,12.506199582333695,12.417095621022998,12.346123340143176,12.272578923797198,12.200016285975348,12.128414208327925,12.05775269922558,11.991839850786835,11.901712554868192,11.833888935562014,11.769233519004889,11.703118135670271,11.637840237346479,11.573384092637436,11.50973447220056,11.446875958122073,11.384794062042378,11.323474468961,11.262903213574276,11.203066848445395,11.143951717772591,11.085545023209045,11.027834096099399,10.970805471116899,10.91444758272894,10.858715918350997,10.803701446971438,10.753508264276412,10.699698887286084
4881.355932,15.397945622367232,15.254271506273877,15.13569469742323,15.01911944393376,14.90450794521729,14.791809246624638,14.680976244956312,14.571963329661223,14.46472601905836,14.363239770354763,14.276535289352287,14.157248486509939,14.05661556565458,13.957606411175895,13.860134668894776,13.76974244152368,13.675197152672535,13.582085014248365,13.494233956151852,13.403839058395295,13.314840845724492,13.227126968899519,13.140695257702381,13.055516729501454,12.971565198531819,12.8910429303078,12.809451497152146,12.729010597032937,12.649696047548616,12.571484339057474,12.497875272185087,12.42177710840262,12.333341216650382,12.262910418310957,12.189924687604577,12.11791205617968,12.046853491308637,11.976658650495906,11.911333932839204,11.82186510719038,11.754556887312905,11.690393258144114,11.62478002876489,11.559998013482991,11.496031521213865,11.432865425638488,11.370484421357116,11.308874130915866,11.24802034810681,11.18790921382119,11.12852738398523,11.06986130444763,11.011898275297812,10.95462572422379,10.898030258699864,10.842099843059646,10.78680706430176,10.732195597099684,10.682386388097578,10.628985698617186
4915.254237,15.291840295104791,15.149239140603664,15.031561112003606,14.915869392284078,14.802126541521602,14.690281978135904,14.580288960096258,14.472102225423054,14.365677629995435,14.264963243750305,14.178915748868794,14.060533102170215,13.960662702463345,13.862403844641523,13.765670740303126,13.6759672968701,13.582138425082661,13.489731826377227,13.402549058177092,13.312838918053252,13.224515206692868,13.13746593628363,13.05168911098075,12.967155959119115,12.883840500180774,12.803929831737634,12.722956565098901,12.643125108302353,12.56441146236336,12.48679229593771,12.41374328995882,12.338221627430517,12.250446614906773,12.180551827402073,12.108119046490321,12.03665197937249,11.96613174384381,11.8964682573026,11.831641439419982,11.742836038477215,11.676037167965458,11.612361788256846,11.547245773998647,11.482954591459979,11.419472734334022,11.35678520373148,11.294876810088128,11.233733286505682,11.173340534591635,11.113684800367166,11.054752842073356,10.996531206162745,10.93900729015271,10.882168617093683,10.826001876727444,10.770494782331168,10.715625014259139,10.66142352848523,10.611994455421566,10.558998270190463
4949.152542,15.186816881862196,15.045277191531117,14.928488783523294,14.813671593311422,14.700788537944252,14.589789405111278,14.4806278102697,14.373258836455122,14.26763867366906,14.167688380887265,14.082291176007825,13.964803470129224,13.865687819819666,13.7681716114936,13.672169616768473,13.58314807194258,13.490028314334573,13.398320063342833,13.311798866051573,13.222766503080418,13.135110416392395,13.048718976947907,12.96359036120795,12.879696006304716,12.797010134871977,12.717704885016829,12.637343482522738,12.558115255617555,12.479996386851745,12.402963721369835,12.330469151422717,12.255518111981434,12.168396917137253,12.099032762479357,12.027147294918349,11.956220230946228,11.88623283733698,11.81709528983038,11.752761387476607,11.664612136911567,11.598318061596668,11.535125472736324,11.470501512913227,11.40669614621472,11.343693984281098,11.281480142941117,11.220039545279407,11.159358033482091,11.0994216158094,11.040216642334785,10.981729972567406,10.923948252542512,10.866858976217415,10.8104497610284,10.754707389333744,10.699619669095345,10.645164380099843,10.591372499795268,10.542319824275282,10.489724030966281
5000.0,15.031269739307493,14.89130113429073,14.775830326524856,14.662308385448032,14.550698756805154,14.440951775203526,14.333021585562202,14.22686378191461,14.122435049126471,14.0236166185549,13.939182544729967,13.82302031716508,13.725022510557283,13.62860622501895,13.533687061599643,13.445675709391022,13.353606204219279,13.262932259702893,13.177391070336062,13.089362545609573,13.002695261357275,12.917278118695599,12.833109549768302,12.750161300901015,12.668407895617953,12.58999941443792,12.510544227771051,12.432209428726761,12.354971468726196,12.278807454301749,12.207134200596716,12.133028294870265,12.046874859992771,11.978296770377439,11.907221916039788,11.83709463831509,11.76789642463565,11.699537833025392,11.635934145078457,11.548755767892018,11.483209338095431,11.420731905472735,11.356836720352705,11.293750888464604,11.231459196136303,11.169946929106668,11.109199177305054,11.049201944471514,10.989941396836848,10.931404038582823,10.873576879205942,10.816446712229059,10.76000117444561,10.704226947580102,10.64911295554461,10.594517792384659,10.540821460886658,10.48762187269267,10.439126360821106,10.38712323968842
5016.949153,14.979941759777928,14.840491319873525,14.725455300678851,14.612360772655894,14.501171355989502,14.391837565765453,14.28431372161927,14.178555586206208,14.074520007688815,13.976075121508451,13.891958866367066,13.776234026606538,13.678605091518792,13.58255176386795,13.48798991840726,13.40031197916139,13.308589040916889,13.218256401411871,13.133038644127343,13.04534137009521,12.95900037478616,12.873904734597094,12.790052965828314,12.707416916886643,12.625971210582398,12.547858674601276,12.468702524542644,12.390662542281461,12.313715267967025,12.237837894379984,12.166435702595216,12.092608677084765,12.00677443216572,11.938455772950473,11.867648408392068,11.797785047714576,11.728847251168368,11.660745702510894,11.597383018356188,11.510524769107453,11.44522505203147,11.382983637600757,11.319328937917454,11.256480542431955,11.1944232951154,11.133142537773615,11.07262341539357,11.012851985026483,10.95381446503231,10.895497410441878,10.837887880248713,10.780972716644488,10.724739603555825,10.669175268997025,10.614268682986843,10.559878591514797,10.506384709690478,10.453385323024607,10.405073880950772,10.353266445908442
5050.847458,14.878054138444089,14.739631879484483,14.625458932447238,14.513212835879427,14.402857556264753,14.294343966933239,14.18762673433654,14.082661955852386,13.979406803789356,13.881703486260022,13.79821811306116,13.683361504399649,13.586464793031713,13.491131950327341,13.3972793943379,13.31026338739082,13.219228396696032,13.129573259648165,13.044997592253546,12.957957861834037,12.872264561341945,12.787807114306142,12.704584204529228,12.622567882960297,12.541732969497687,12.464207932693872,12.385645380108516,12.308190618832421,12.231820365134098,12.156511983013033,12.085647918061216,12.01237447850883,11.927173607798826,11.859369987647938,11.789093599797908,11.719754123827117,11.651333264526844,11.583741955672576,11.520857737409472,11.434634592269063,11.369824610604383,11.308051741461064,11.244874415523714,11.182497341319038,11.120905477246058,11.060084276408412,11.000018993080921,10.940695790140843,10.882100989421994,10.824221246904099,10.767043719826212,10.710555346991386,10.654743905886724,10.599596216416955,10.545101340122944,10.491118324163574,10.438026314018643,10.385424335740062,10.337478351488805,10.286059361182366
5084.745763,14.777176579080015,14.639771793330315,14.526453366884454,14.41504729529973,14.30551788788759,14.197816372688534,14.091897759525072,13.987718477179815,13.88523601890669,13.788267012250765,13.705406269450746,13.591409288401046,13.49523754499517,13.400618047796613,13.307467752779996,13.221107243611723,13.13075338249384,13.041769033447006,12.957829178725945,12.871440474762052,12.786388449276044,12.702562869879511,12.619962586102728,12.538559849427307,12.458329674882727,12.381386363997516,12.303411525038685,12.226536183929946,12.150737231315807,12.075992200711914,12.005661007273252,11.932935665894082,11.848361591956696,11.781067985952959,11.711317312618828,11.642496529447417,11.57458748433146,11.50750135951595,11.445090949466755,11.359496141254047,11.295171044036561,11.233862130195444,11.171157449155118,11.109247027338682,11.048115936439796,10.987749739755909,10.928133799766098,10.869254384126851,10.811097917122645,10.753651154676946,10.696901351304476,10.64083554146347,10.585441595272567,10.530706423616891,10.476619178659098,10.42303920502606,10.370345086235732,10.318136579725564,10.270552526821959,10.219518132786217
5118.644068,14.677292171755298,14.540894337015498,14.428422022728999,14.317847710329296,14.209136048591557,14.102238616764867,13.997110764667708,13.893709249234568,13.791991881493743,13.695750048300111,13.613507788986464,13.500361976056748,13.404908066288513,13.310994894647655,13.218539949735762,13.132828610000685,13.043149174606953,12.954829011493542,12.871518796251623,12.785774710756666,12.701357647787745,12.61815771646576,12.536173930040249,12.45537873859941,12.375747350386524,12.299380088196378,12.221987177514379,12.145685552865347,12.070452277546586,11.99626505292693,11.926461562698234,11.854278923578816,11.77032518273365,11.703536649101988,11.634306516172353,11.565999320795287,11.498597052563783,11.432011139613909,11.370069958066402,11.285096838618232,11.221251856047411,11.160402383695091,11.098165697830176,11.036717337633664,10.97604248697654,10.916126818267772,10.856955801127583,10.798515806957779,10.740793361485606,10.68377531959846,10.627449032128292,10.571801628244117,10.516821069791114,10.462494357738064,10.408810733972935,10.355629837905763,10.303329696109838,10.251510790323687,10.204285200151556,10.153631618325216
5152.542373,14.578384402436615,14.442983177605019,14.331348706787217,14.22159802517334,14.113696117658693,14.007594911268953,13.903250092499874,13.80061874321894,13.699658989133997,13.60413730956359,13.52250748900332,13.410204525323536,13.315461433461891,13.222247684125497,13.130481293331684,13.045412898398576,12.956399938266188,12.868737580830102,12.7860341856186,12.700972154352856,12.617159286975092,12.534578252021815,12.453204487242568,12.373010874149083,12.293972411230751,12.2181756105672,12.14135893602995,12.065625416233683,11.990952285350279,11.917317410932927,11.84803653827442,11.776391293005098,11.693051530481727,11.626763206641744,11.55804852410283,11.490249862021987,11.423348599716931,11.357305230654857,11.295782367912404,11.211424477926323,11.148055529463354,11.087660511459692,11.025887150646923,10.96489631965684,10.904673247750766,10.845203703838536,10.786473261605938,10.728468394829152,10.67117572962139,10.614582218854093,10.558675308731615,10.503442222207294,10.448871011952503,10.394948758429877,10.341664616987687,10.288940766573857,10.236968885860358,10.185535989285702,10.138665443072652,10.08838895154804
5186.440678,14.480437141119276,14.346022361835862,14.235217602332401,14.126282557308345,14.019182544503385,13.913869835348388,13.81030044974699,13.70843179135273,13.608222297488819,13.513413866556048,13.432390539822118,13.320922243875893,13.22688307003252,13.134361953723028,13.043277433270362,12.958845859838302,12.870494249835655,12.783483203220044,12.701397418085856,12.616967447608138,12.533777270444315,12.451809753092856,12.371040532175938,12.291442683912692,12.212991396762359,12.137759569570692,12.0615135389536,11.986342610495225,11.912224187676635,11.839136302647491,11.770373049626143,11.699259981876798,11.616527955517075,11.550735062261866,11.482529634802402,11.415234721933505,11.348814137025812,11.283302211447069,11.222217108324436,11.138467393991808,11.075568858373078,11.015624451284419,10.954310009716195,10.893772282660617,10.833996606799849,10.774968857579557,10.716674713661103,10.6591007505412,10.602233693800706,10.546060593351205,10.490568989845197,10.43574619910496,10.381579299137254,10.328057677173016,10.27515286639658,10.222903577348262,10.171253161466371,10.120201890749865,10.073683227320135,10.023779654285997
5220.338983,14.383434659813002,14.249996334037737,14.14001328680682,14.031886015020069,13.925580166061668,13.821048352446347,13.718246924258128,13.61713360383761,13.517667137130585,13.423565161849355,13.34314248133372,13.232500805533975,13.139158762766083,13.047323601349943,12.956914376871895,12.87311360045499,12.785416963181635,12.699050946796934,12.617576896068922,12.533772890806645,12.451199398661785,12.369839482178065,12.289668974932267,12.210661145973114,12.132791371893516,12.058119115725182,11.982438225437576,11.907824462389538,11.834255397739403,11.761709226642978,11.693458673964523,11.622872650631749,11.540742221814455,11.475440055290829,11.40774015420965,11.340944017387027,11.275015607995547,11.20998933541207,11.149360276574019,11.066212992602084,11.00378073094845,10.944282663319271,10.883422724132142,10.82333373697913,10.764001147478703,10.705410937044157,10.647548888384755,10.590401677754537,10.533956129252179,10.478199388897657,10.423119090885432,10.368702643017977,10.314937212652545,10.261812275791662,10.20929946537118,10.157437523914174,10.106169931582674,10.055497029189004,10.009326757121292,9.959793015506314
5254.237288,14.287362966685626,14.154891258773205,14.045722043126476,13.938394797603,13.832875496031358,13.729117088741695,13.627076252842881,13.526711026303138,13.427980460719327,13.334578247160259,13.254750451794425,13.144927467661399,13.052275869474146,12.961120083652796,12.87137967808592,12.788203761317206,12.701155813773438,12.615428639991869,12.53456053356561,12.4513764881879,12.369413764769401,12.288655620013486,12.20907808256015,12.130654612437164,12.053360772568142,11.97924276413436,11.90412159206825,11.830059648835876,11.757034671662282,11.685025017151656,11.61728231706472,11.5472182810545,11.465683406943342,11.400867331624742,11.33366810762649,11.26736596231688,11.201925007209038,11.137379728950823,11.077202416768639,10.994651356042278,10.932680897856619,10.87362493655756,10.813215141821567,10.753570591893816,10.694676840285144,10.636519973355322,10.579085876873204,10.522361326875021,10.466333245037758,10.41098887256868,10.356315936305602,10.302301935149703,10.24893412495011,10.19620206963072,10.144077500940154,10.092599193032207,10.04171075360119,9.99141259159589,9.945587455238098,9.896419998475455
5288.135593,14.202683338184041,14.071078197296394,13.962626022863533,13.856003658591089,13.75117736321626,13.648100384655017,13.546729688167538,13.44702358973737,13.348941410247665,13.256153169710432,13.176849532683226,13.067747905687728,12.975704665537613,12.885147485452729,12.795996384663667,12.713367471372678,12.626891121164569,12.541726868816985,12.461390229081708,12.378752483492715,12.297327963021377,12.217100094175583,12.138045077113649,12.060136540026118,11.983350210017289,11.909719177239495,11.835091236789946,11.7615155655123,11.688970046953491,11.617433179965142,11.55013575697987,11.480531721495966,11.399530226277372,11.335140208554327,11.268382164949891,11.202515309630448,11.137503886922337,11.073382444333303,11.013600763631864,10.931588613883077,10.870025012611219,10.811357093611868,10.751343894167954,10.692090911639193,10.633583794584494,10.575808721784023,10.518751669853561,10.462399502710726,10.406739227982085,10.351758170731717,10.297444139380689,10.243784713144965,10.190767225835641,10.138381319047037,10.086598813567464,10.035458504451798,9.984904118215917,9.93493612241514,9.889412387876348,9.84056766369624
5322.033898,14.108353020117796,13.97769596618318,13.870042881984416,13.764206052680871,13.660152057543966,13.55783447618773,13.457210594970855,13.358239039784978,13.260879431632738,13.168778454186228,13.09005892563715,12.98176115924748,12.890395855880158,12.800505744108516,12.712011346184529,12.629996217804921,12.544156804049697,12.459619819440313,12.379878314687364,12.297849294959946,12.217024475741518,12.137387474175894,12.058914681949233,11.981579914772109,11.905359082702892,11.832272352158487,11.758193986800546,11.685160135337371,11.613148844374786,11.54213877128494,11.475340152221683,11.406248643602998,11.325831322568073,11.261918744775965,11.195652306891635,11.130270492842108,11.065737692627243,11.002088529603778,10.942750577823515,10.861322919527503,10.800212759587566,10.741979041784385,10.682407835123612,10.623591241499318,10.565515015412505,10.50816543869093,10.451528589135311,10.395591428645648,10.340341060657034,10.2857649036979,10.231850857156516,10.17858658969538,10.125959522017055,10.073959382043881,10.022558087588708,9.971794464764997,9.921612365305243,9.872012323674223,9.826827658858633,9.778342585370101
5355.932203,14.014908888107644,13.885190571922779,13.778329074803388,13.673270404592278,13.569981458091572,13.468416143494995,13.368532065240363,13.270288156220891,13.173644334740104,13.082224244472613,13.004083339330458,12.896581884892427,12.805888152142233,12.716658844578436,12.628814982749393,12.547407982690789,12.46219952341496,12.378283915373956,12.299132030370364,12.217706018920182,12.137475268135294,12.05842358400659,11.980527547952,11.903761161433856,11.828100515749142,11.755553017750046,11.682019065182875,11.609521944079864,11.53803986257608,11.46755163507163,11.40124720215409,11.332663405634808,11.252824514292994,11.189384960667388,11.123605511531402,11.05870418343386,10.99464551069386,10.931464191764595,10.872565874676514,10.791716812003843,10.73105583700694,10.67325228851051,10.614118925429114,10.555734624114923,10.498085244008593,10.441157169024741,10.384936577196221,10.329410527487877,10.274566218242885,10.22039116057541,10.166873343988605,10.114000525751651,10.06176021264014,10.010142218098427,9.959118556056723,9.908728083372758,9.858914775848257,9.80967923421957,9.76483053665071,9.716701737167595
5389.830508,13.922336871427241,13.793548097374622,13.687470803259316,13.583183033345332,13.480651998978733,13.379831933868621,13.280680757567541,13.18315770710972,13.087222995323327,12.996477516629128,12.918909836888965,12.81219726556934,12.722168838324365,12.63359417029317,12.54639477567666,12.465590335894802,12.381006944086993,12.297706914981145,12.21913922118197,12.138310591190168,12.058668365442688,11.980196537022907,11.902871875294322,11.826668565743685,11.751562879215523,11.679549624064482,11.606555003945118,11.534589604553885,11.463631794041719,11.393660542372459,11.327845750354475,11.2597649276204,11.18049881566291,11.117527939745132,11.052230935685753,10.987805610547174,10.924216641606328,10.861498801706277,10.8030360892347,10.722759824664248,10.662543845767761,10.605166498156695,10.54646689529831,10.488510854707132,10.431284339790079,10.374773835590748,10.318965619440698,10.263846846469672,10.209404809035249,10.15562710997947,10.102501828079358,10.050016808381525,9.998159642937441,9.946920229920801,9.896270678472424,9.846249875891544,9.796801920923626,9.747927479936621,9.70341169544276,9.65563584687115
5423.728814,13.830623211972116,13.702754934511411,13.597454575775007,13.493930561827355,13.392150415634124,13.292068693402564,13.193643626878314,13.09683475441314,13.001602580637348,12.911525536003436,12.834525768794041,12.728594768923289,12.639225480874607,12.55129938492573,12.464738484354626,12.384531123402232,12.300567004906442,12.217876848527595,12.139888002179042,12.059651215581557,11.980592058934041,11.902694710639686,11.825936126283288,11.750290673670191,11.675734801522585,11.604250877741597,11.531790589871555,11.460351982548623,11.389913582462302,11.32045451369687,11.255124888264815,11.187542375751516,11.108843484912661,11.04633700802746,10.981517977033171,10.917564242550304,10.854440623522244,10.792181966439212,10.734150891238487,10.654441723293477,10.594666617696245,10.537711564624445,10.479441703015443,10.42190995512771,10.365102387372144,10.30900558498567,10.25360592367866,10.19889065384818,10.14484716100456,10.091463138862103,10.038726754644344,9.986625940365377,9.93514837256033,9.8842840333409,9.834005126197152,9.784350568566655,9.735264580995738,9.686747797385344,9.642562126447606,9.595135971017195
5457.627119,13.739754455360272,13.612797775625804,13.508267198519963,13.405499908157847,13.304463736235103,13.205113558492458,13.107407915993665,13.011306645634425,12.91677054115705,12.827355849012356,12.750918764713575,12.645762139193657,12.557045920663942,12.469762424425506,12.383834138326936,12.304218459472612,12.220867910938276,12.138782010516373,12.061366750787315,11.981716356322458,11.903234898325868,11.82590673882857,11.749709017910398,11.674616284014022,11.600605162103252,11.529645734723207,11.457714857268126,11.386798189637378,11.316874415592181,11.247922811923262,11.183073948143392,11.115985155383685,11.03784801735478,10.975801727127358,10.911456267272753,10.847969780307146,10.785307225516682,10.723503522366837,10.665900178456953,10.586752390477923,10.527414330463042,10.470877740665713,10.413033661564103,10.355922295031558,10.29952981204513,10.243842897541606,10.188848024770582,10.134532538521839,10.080883916591043,10.027889942717941,9.975538871749816,9.923817639620804,9.872716025852906,9.822063036703028,9.772329276239606,9.723023503659562,9.674294347821483,9.626132262663905,9.582272811315185,9.535193007615964
5491.525424,13.649717442351298,13.52366360484483,13.419895767012415,13.317878277336899,13.217579273427354,13.118953947633214,13.021961147502452,12.926561005742064,12.832714602567261,12.74395627519388,12.668076725613,12.563687389411964,12.475618265227245,12.38897148931753,12.303670029672505,12.224640719053859,12.141898125941022,12.060410952168628,11.983564099344688,11.90449473064393,11.82658568449119,11.749821381169596,11.674179650425216,11.599634593240054,11.5261632331469,11.455723535774416,11.384317217026684,11.313917705957643,11.244503842040421,11.17605505337082,11.111682608698299,11.045083011494482,10.967502240925864,10.905910772076426,10.842034377422978,10.778842039565868,10.716823572426785,10.655456159861263,10.598274745200769,10.519683197515603,10.460777148169592,10.404655099365526,10.34723289023291,10.290538062349805,10.234556873209458,10.17927610354584,10.124682322740682,10.070762969033026,10.017505611653766,9.964898123555077,9.91292884641691,9.86158480912535,9.810855983933177,9.760719962315925,9.71119976312864,9.66225494518413,9.613881182788695,9.566070317860445,9.522534896571202,9.47579838447713
5525.423729,13.560499300561078,13.43533968995843,13.332327657977105,13.231053153200746,13.131484616348711,13.033577553500077,12.93729111590067,12.842585729388508,12.74942275803672,12.661314899535734,12.585987816136463,12.482358793838175,12.394930881274156,12.30891503728164,12.224234705618025,12.145786530463077,12.063646365107697,11.982752474230505,11.906468927970039,11.827975301705555,11.750633462405009,11.674428010642515,11.599336957105159,11.525334580516384,11.452398077255639,11.382473429225982,11.311586905522946,11.241699854458837,11.172791269730936,11.10484072936006,11.04094043863009,10.974825593180343,10.897795900658954,10.83665638720725,10.773244966390578,10.710511645069074,10.648945595391925,10.58802488951269,10.531263575559759,10.453222575277188,10.394745412672352,10.339034298367121,10.282030145860736,10.2257480742045,10.17017444109189,10.11529612472931,10.0610997901968,10.007572968414534,9.954703319232653,9.902478804004671,9.850887850453212,9.799917572329761,9.74955802545367,9.699786889104626,9.650627229757136,9.602038710533229,9.554016976527034,9.506554344600147,9.46334009517579,9.41694375201566
5559.322034,13.472087436444859,13.347813574468663,13.245550521518545,13.145012290634302,13.046167622901242,12.948972335292902,12.853385880013672,12.759368973375988,12.666883260754767,12.579420065078533,12.504640457248687,12.401764880684707,12.314972387463236,12.229581775965505,12.145516961429971,12.067644768313558,11.98610158804859,11.90579562002015,11.830070357647926,11.752147271731161,11.675367514325986,11.59971586466093,11.525170512727167,11.45170591338511,11.37929943430027,11.309885220316122,11.239513794814185,11.170134573191195,11.101726701972016,11.034269907752952,10.970837565289965,10.905203090983392,10.828719266169928,10.768027686149123,10.705077038420036,10.642798586958664,10.581680867104971,10.521202832254058,10.464857889266224,10.387362097703393,10.329309949042896,10.274006097939209,10.217416226807982,10.161543183989941,10.106373426479585,10.051893929068695,9.998091451677409,9.944953617069116,9.89246817489024,9.840623174102252,9.78940712769137,9.73880723350728,9.688813630190836,9.639404084020631,9.59060170865377,9.542366270599265,9.494693484527408,9.447575737717987,9.404679819008086,9.35862057467131
5593.220339,13.384469527577952,13.261073069967908,13.159552273530458,13.059743708059935,12.961616412307714,12.865126511353358,12.770233755653933,12.676899149393375,12.585084616719703,12.498260365747308,12.42402331912711,12.321894425065572,12.235731647405055,12.150960656065923,12.067505833525722,11.990204546687586,11.909252992010929,11.829529668685167,11.754357743520652,11.677000075369033,11.600777353214843,11.525674533351754,11.451669983454469,11.378738332939898,11.306857119219574,11.237948794083252,11.168087841718215,11.099211889735052,11.031300236118625,10.964332754704104,10.901364218422145,10.836205801595765,10.760262716364211,10.700015108580047,10.637521097370096,10.575693432340994,10.515020017379099,10.454980679440496,10.399048322510986,10.322092712959309,10.264461779397106,10.209561573402008,10.153382260831815,10.097914570908532,10.043145059460327,9.989060797070636,9.935648637649475,9.882896294968033,9.830791607657321,9.779322711487,9.728477112570745,9.678244072245478,9.628497816625318,9.579574302460422,9.531116994532203,9.483229912794897,9.43590319582646,9.389126513252926,9.34654602996865,9.300820840223887
5627.118644,13.297633515166279,13.175106248745998,13.074321088363904,12.975235680167106,12.877819357906622,12.782028552015435,12.687823308546992,12.5951649169873,12.50401557777406,12.417824639444683,12.344125314292059,12.242736442192596,12.15719776292125,12.07304086461835,11.990190592838593,11.913455212532856,11.833090005328934,11.753944128714918,11.679320668469952,11.602523373284328,11.526852716388925,11.45229382953768,11.378825256514016,11.30642179973508,11.235061164837402,11.166654251960633,11.097299217907167,11.028922045014673,10.96150218137479,10.89501964674821,10.832510836806245,10.767824229313325,10.692416835939312,10.632609298676773,10.570567850238056,10.509186951587205,10.448953876279207,10.389349321537686,10.333826043666068,10.257405220389371,10.20019173139089,10.14569161173365,10.089919201809117,10.034853255548775,9.980480426307505,9.926787879539926,9.873762562300826,9.821392278572773,9.769664955184936,9.718568813950032,9.668091445014463,9.61822219394651,9.5688355337125,9.520266986271055,9.472160607275773,9.42462032004522,9.377636336453921,9.331198396361565,9.288930714172333,9.243536618392053
5661.016949,13.21156759683387,13.089901436643448,12.989845391755015,12.891476730897104,12.794765080184177,12.699667172705535,12.606143347482986,12.514155176778988,12.423665134867033,12.338101961358518,12.26493559096687,12.164280180801645,12.07936006751006,11.995811818528285,11.913560738381058,11.837386339285622,11.757602281093698,11.679028731643653,11.604948936852043,11.52870704597916,11.453583559354124,11.379563782633971,11.306626434150116,11.234746487777713,11.163901815901111,11.09599190584455,11.027138304024499,10.959255487452358,10.892323052990708,10.826321165032397,10.764268062518392,10.70004908033958,10.625172409752011,10.565801099529116,10.504208201596107,10.443270106484604,10.38347346893287,10.324299842688255,10.269182079354803,10.193290954996028,10.136491211472288,10.082387670246225,10.027018557054332,9.9723507942584,9.918371131880287,9.865066829403492,9.812424926205546,9.760433315673982,9.709080012059975,9.65835227008072,9.608240369451062,9.558652938265247,9.509824215393827,9.461486105112353,9.413727055225937,9.36653091887936,9.319886123447262,9.273783827665255,9.231826220091268,9.186760273873826
5694.915254,13.126260219632739,13.005447206147466,12.906113853989657,12.808455626661324,12.712442440061123,12.618031327268477,12.525182917695256,12.433859063886905,12.34402251154492,12.259081637515266,12.186443526665796,12.086515116790906,12.002208120042777,11.91926315831054,11.837605991044574,11.761987720699809,11.682779691033938,11.604773425987489,11.531232568478574,11.45554118779394,11.380960049878977,11.307474632754927,11.235063827759738,11.163702778722524,11.093369523293056,11.025952272364353,10.957595683998555,10.890202867319378,10.823753566653146,10.758228089750371,10.696626735406815,10.632871257285508,10.558519247154974,10.499580966280785,10.438367357343333,10.37810615077267,10.318570741826923,10.25982391066677,10.20510874225746,10.129741519340245,10.073351755823909,10.01964131401659,9.96467193981597,9.910398850925533,9.856808890664777,9.803889411273826,9.751627543558932,9.700011269508805,9.649028690016632,9.598667125195737,9.548916721753649,9.499715897466174,9.4512014520227,9.403222012046509,9.355807848821573,9.308952383494876,9.262644290611822,9.216874776856455,9.175224601710427,9.13048392293115
5728.813559,13.041751861792646,12.921778963918893,12.823156892012145,12.726197878519958,12.630872124375111,12.537137369315111,12.444953702371365,12.35428366685018,12.265090275613737,12.18076178270238,12.10864396536445,12.009431049386661,11.925731698664483,11.843384742039978,11.762316287588467,11.687249364886174,11.608612319594346,11.53116837138093,11.45816179278223,11.383016101127359,11.308972562242843,11.236016825005015,11.164127952238264,11.09328125623636,11.023454938472515,10.95652606734237,10.888662139530265,10.821755031270238,10.755784633059687,10.690731394751309,10.629577887731033,10.56628185386396,10.49245085777126,10.433941287791672,10.373168486095937,10.313341985507465,10.25423562989512,10.195912190354115,10.14159556500672,10.066748105000134,10.010764853990404,9.957444130271979,9.902871002041675,9.848989135248507,9.795785468189436,9.74324744548613,9.691362288653476,9.640118067528013,9.589502968889155,9.539504396864057,9.490112580930003,9.441266064995833,9.393101584437774,9.34546797856195,9.298395553710431,9.251877800751027,9.205903465095927,9.160463822232494,9.11911845641731,9.074700199174963
5762.711864,12.95816251912252,12.839025205896132,12.74111128763014,12.644848415286898,12.550207073697555,12.457145295183974,12.365623456070677,12.275604372926276,12.187051324581915,12.103332680893459,12.03173249404521,11.933231952289088,11.850129162287091,11.76836909601303,11.687878411421265,11.613352778836337,11.53527610123433,11.458384013461762,11.385901644306287,11.311291493586818,11.237775911029225,11.165339999087845,11.093963347256764,11.02362143317287,10.954292619106061,10.887843301261611,10.820462862188696,10.754032419138294,10.68853200607523,10.623942212323595,10.563228415467961,10.500383267066375,10.427064044060414,10.368975071283959,10.308634861945963,10.24923527458672,10.19054997226736,10.132642028389892,10.078716379867332,10.004379727097772,9.948795701417335,9.895858709944156,9.841674350914104,9.788176323491511,9.735351659168607,9.683188187445712,9.631672628554302,9.580793434625928,9.53053887672214,9.480896441412941,9.431856722483065,9.383357820241084,9.335536690206549,9.288242381905258,9.241505235640187,9.195319083272214,9.149672192929572,9.104556181846819,9.063509707707436,9.019407773300147
5796.610169,12.875294970097196,12.756985672588339,12.659773796198465,12.564201056933,12.470238221052893,12.377843610936086,12.286977887720303,12.19760413888486,12.109685906928085,12.026571910876985,11.955484886672895,11.85769057039546,11.77518337644883,11.694009357853883,11.614095614470948,11.540110397930906,11.462593286908332,11.386252271516689,11.31429356268912,11.240218188534527,11.16722945320566,11.0953126289167,11.02444747203024,10.954609625279746,10.885777611474001,10.819806943609839,10.752909312964936,10.686954865244402,10.621923777667222,10.557796778816117,10.497521931702401,10.435127039345874,10.362318185368974,10.304649410892033,10.244741195096777,10.185767618972122,10.127502791393656,10.070009773083545,10.01647476266143,9.942647122560002,9.887461481763761,9.83490983166963,9.781113775702886,9.72799912818859,9.675553013687292,9.623763351260282,9.572616951982882,9.522102353088208,9.472207909807034,9.42292119103832,9.374232870743207,9.326081174859135,9.278602994497502,9.231647588017278,9.185245329971567,9.139390119623245,9.094070296361298,9.04927754393341,9.008529838888304,8.9647438627201
5830.508475,12.79313866305922,12.675649926791708,12.579134069844745,12.48424554338329,12.39095539268073,12.299222227690569,12.20900699191448,12.12027304141549,12.032984180103018,11.950469705448565,11.879891441342977,11.782797291661662,11.700880584005848,11.620287585238874,11.540945833342239,11.46749648071304,11.39053413496372,11.314739463528973,11.24329998009791,11.169754793466165,11.097288384372433,11.025886193328638,10.955528142135524,10.886190037202105,10.817850560506379,10.75235446884799,10.68593550330044,10.62045296605516,10.5558871763414,10.492219000813407,10.432379389649046,10.370430888997433,10.298127822033061,10.240875694032603,10.181395764875125,10.122844545691553,10.06499658440197,10.00791493147574,9.95476726484382,9.881443950416381,9.826653277957258,9.774483676737217,9.721072593669142,9.66833803811873,9.616267226921142,9.564848167926016,9.514067762272228,9.463914631570615,9.41437721449412,9.365443161568514,9.317103226239912,9.269295759057426,9.22215758710461,9.175538175952374,9.129467934050217,9.083940827493857,9.038945266315732,8.994473000207279,8.954021565262838,8.910548837242299
5864.40678,12.71168326245949,12.595007745020789,12.49918197255703,12.404971824627498,12.31234862312687,12.221271263131475,12.131700968096506,12.043601360382324,11.956936503078902,11.875016497398006,11.804942654800739,11.708542700852224,11.627211443949504,11.54719451020592,11.4684198719814,11.395501896356066,11.319089584331923,11.243836597128178,11.172911967970087,11.099892446503834,11.027943908337601,10.957051960856498,10.887196689880595,10.818354064100966,10.750502923302163,10.68547739291043,10.619533009338825,10.554518357059811,10.490413896114132,10.427200630038808,10.36779259442563,10.306286677296201,10.234484884075435,10.177645901754186,10.118590606648326,10.060458141705094,10.003023491690476,9.946349695717561,9.893586125812261,9.820762521590593,9.766363450543121,9.714572653397681,9.661543261427228,9.609185557652932,9.557486850387642,9.506435235522519,9.456017703488193,9.406222959548783,9.35703952511576,9.308455131640413,9.260460611388806,9.212994438458747,9.166193376401637,9.119907096291817,9.074166040176365,9.028964240404653,8.984290177050793,8.940135665188642,8.899978036967841,8.8568158863673
5898.305085,12.630918643171006,12.515049111864148,12.419907574635241,12.326370055211953,12.234408149769143,12.143981036084094,12.05505021519284,11.967579573494437,11.881533431059498,11.80020291425072,11.730629217229295,11.63491757437911,11.55416680541906,11.47472105344715,11.396508721522363,11.32411639037464,11.248250220717106,11.173503705772928,11.103138117608195,11.03062497740179,10.959187877559618,10.888802478093112,10.819444832160201,10.751093348043039,10.683726377005017,10.619167444498833,10.553693616189891,10.489142879639374,10.425495834003499,10.3627336184545,10.303753548795925,10.242686460577618,10.171381477964925,10.11495199160035,10.05638592357963,9.998628886460748,9.94157494798128,9.885305632443725,9.832922630913977,9.760595032755797,9.706584370201186,9.655169205623992,9.602518279308699,9.550534239576828,9.499204487976588,9.448517208139199,9.398459479117843,9.34902008915157,9.30018764169536,9.251951018654914,9.204298764201209,9.15722074567966,9.110724586560133,9.064739050484972,9.019332882337274,8.974452442998116,8.930097924566773,8.88625859073171,8.846392367908411,8.803538173715001
5932.20339,12.581024755050144,12.46569355593252,12.370973842240865,12.27785099944079,12.186296786624156,12.096270559523294,12.007733982724307,11.920651109047014,11.834986416915468,11.754012182094161,11.684746889699817,11.561912875304216,11.481737702723876,11.402858319378355,11.3252035553992,11.253333818094458,11.178008423582273,11.103794520899408,11.033935166666497,10.961938855026311,10.89101090962946,10.82112716367929,10.752263833297633,10.684399486456938,10.617512629715378,10.553416400349205,10.488409163518071,10.424318434193635,10.361124949968055,10.298809984595549,10.24025432558918,10.179622368447365,10.108809833622853,10.05278664067658,9.994637955949308,9.937292696759664,9.880645141600674,9.824776817362949,9.772771555752696,9.700934645259446,9.647308995113335,9.5962662842834,9.54399062665151,9.49237709770502,9.441413188936831,9.391087170536409,9.341386209342684,9.292299175843382,9.243814754839777,9.195921907590625,9.148609254802555,9.101866742616302,9.05570204786249,9.010044068671885,8.964961535748877,8.920400930271526,8.876362499897237,8.832835573703893,8.793258334844658,8.75070949151959
5966.101695,12.501443032490556,12.386905127482185,12.292859632392105,12.200399571352968,12.109496129055813,12.020111341968455,11.932205002788743,11.845741908647062,11.760686876800811,11.680293655180721,11.611521185174379,11.516912205925024,11.437091371635258,11.35856064810806,11.28124912825853,11.209691264974234,11.134698789503435,11.060792861271148,10.991261183373457,10.919580580470399,10.84896611083607,10.779391309196342,10.710832415889069,10.643268086985024,10.576676924613583,10.512861743282325,10.448141903613973,10.384334517537003,10.3214204078639,10.259380931197555,10.201080489203715,10.140716601577086,10.070231007912088,10.014451683882553,9.956554979335618,9.899435793561512,9.843072407302794,9.787451565934381,9.735671706743167,9.664173322374301,9.610784425445566,9.559968001071555,9.507923256799067,9.456537718660815,9.38410601317908,9.334138223402286,9.28479103522294,9.236053400663705,9.187913018866327,9.140360365484183,9.093427291123232,9.046973762741214,9.001122261569424,8.955815921056072,8.91104633545502,8.866803349648869,8.823077477829337,8.779860204700533,8.740569555693757,8.698323491412072
6000.0,12.424081799009976,12.310316464070029,12.216926351728128,12.125110546858437,12.034840504555584,11.946078534205324,11.858784693728518,11.77292403350585,11.688461616935188,11.608632854545093,11.540339433686565,11.446389731865272,11.367124900015751,11.289141265363893,11.212368333361313,11.141314972047631,11.066844868663766,10.993453483032571,10.924410520590207,10.853229164669445,10.783106523482571,10.714016303105154,10.645934902830554,10.578841133030064,10.512713745835208,10.449345400216208,10.385076274070595,10.32171324137486,10.259237258665497,10.197629812545616,10.139739147608124,10.079795585243636,10.009786410982205,9.954399362730097,9.896905822946762,9.840184436680227,9.78421356885784,9.728980071748188,9.677564890563097,9.606541645332484,9.553524651807031,9.503067889604148,9.451385637327217,9.400357995313597,9.349972594277332,9.300217843441017,9.251081042831728,9.202551195693172,9.154616050006105,9.107266130376875,9.060533454996149,9.014277643347965,8.968621626133695,8.92350843954592,8.878929719424082,8.834875353470474,8.791335891569513,8.748302858854531,8.709174957760201,8.667109018550448
