Plant capacity [kg dry microalgae/h],0.03,0.03118644,0.03237288,0.03355932,0.03474576,0.0359322,0.03711864,0.03830508,0.03949153,0.04067797,0.04186441,0.04305085,0.04423729,0.04542373,0.04661017,0.04779661,0.04898305,0.05,0.05135593,0.05254237,0.05372881,0.05491525,0.05610169,0.05728814,0.05847458,0.05966102,0.06084746,0.0620339,0.06322034,0.06440678,0.06559322,0.06677966,0.0679661,0.06915254,0.07033898,0.07152542,0.07271186,0.07389831,0.07508475,0.07627119,0.07745763,0.07864407,0.07983051,0.08101695,0.08220339,0.08338983,0.08457627,0.08576271,0.08694915,0.08813559,0.08932203,0.09050847,0.09169492,0.09288136,0.0940678,0.09525424,0.09644068,0.09762712,0.09881356,0.1
4000.0,117.5106237291027,122.14713377439834,126.79388481583506,131.44061947858552,136.08731480017775,140.73397052261583,145.38058643730065,150.0271623347068,154.67369800426528,159.32019323435816,163.966647812313,168.61306152439715,173.25943415581247,177.90576549068948,182.55205531208213,187.19830340196197,191.84450954121252,195.8284371691647,201.13529801796182,205.7828706593047,210.42891016351672,215.0749032320547,219.72085300445465,224.3667592614485,229.01262177502662,233.65844031602163,238.3042146541205,242.94994455785775,247.5956297946103,252.24127013059086,256.8868653308421,261.5324151592304,266.1779193784399,270.8233777499665,275.4687900341113,280.1141559899741,284.7594753754484,289.4047479472144,294.0499734607318,298.69515167023474,303.3402823287251,307.985365187966,312.63039999847496,317.27538650951834,321.92032446910406,326.5652136239754,331.21005371960433,335.85484450018487,340.49958570862697,345.1442770865489,349.78891837427136,354.43350931081056,359.0780496338713,363.72253907984026,368.3669773837792,373.011364279418,377.65569949914806,382.2999827740146,386.9442126390928,391.5883912039896
4033.898305,118.50647647256963,123.18227897587632,127.8684092634269,132.55452303348886,137.2405971289928,141.9266312897567,146.61262530541342,151.29857896466189,155.98449205514888,160.67036436346288,165.35619567512927,170.04198577460394,174.72773444526848,179.41344146942413,184.0991066282862,188.78472970197862,193.4703104695279,197.48800019602206,202.83983444184284,207.5267932920107,212.21220601236004,216.8975719035128,221.58289413161103,226.26817247552853,230.9534067053234,235.63859658988628,240.3237418969517,245.00884239309386,249.6938978437172,254.37890801305355,259.0638726641544,263.74879155888493,268.4336644579182,273.11849112072895,277.80327130558675,282.4880047695503,287.17269126846094,291.85733055693663,296.5419223883652,301.2264665148978,305.91096268744315,310.5954106556606,315.2798101679536,319.96416097146346,324.64846281206263,329.3327154343481,334.0169185816348,338.70107199594923,343.385175418022,348.0692285872824,352.75323124184996,357.4371831185293,362.12108395280234,366.804933478822,371.4887314294044,376.1724775360233,380.8561715288017,385.5398131365063,390.22340208653924,394.90693810493195
4067.79661,119.50232921603663,124.21742417735425,128.9429337110187,133.6684265883921,138.3938794578078,143.11929205689748,147.84466417352613,152.56999559461704,157.29528610603242,162.02053549256763,166.74574353794546,171.47091002481065,176.19603473472452,180.9211174481588,185.64615794449034,190.3711560019952,195.0961113978432,199.14756322287934,204.5443708657239,209.2707159247166,213.99550186120342,218.7202405749709,223.44493525876743,228.16958568960865,232.89419163562025,237.61875286375076,242.34326913978347,247.06774022832982,251.79216589282402,256.51654589551595,261.24087999746627,265.9651679585393,270.6894095373967,275.4136044914916,280.1377525770622,284.8618535491263,289.5859071614732,294.30991316665876,299.0338713159984,303.7577813595605,308.48164304616114,313.20545612335525,317.9292203374322,322.6529354334085,327.37660115502115,332.1002172447207,336.8237834436654,341.5472994917135,346.2707651274172,350.9941800880157,355.7175441094285,360.44085692624805,365.16411827173357,369.8873278778037,374.6104854750297,379.33359079262846,384.05664355845545,388.7796434989979,393.5025903393674,398.22548380329266
4101.694915,120.49818195950363,125.25256937883222,130.01745815861054,134.78233014329535,139.5471617866229,144.31195282403831,149.07670304163884,153.84141222457217,158.60608015691608,163.37070662167235,168.13529140076167,172.89983427501744,177.6643350241806,182.42879342689344,187.1932092606944,191.95758230201187,196.72191232615856,200.8071262497367,206.24890728960492,211.01463855742256,215.77879771004677,220.542909246429,225.30697638592383,230.07099890368866,234.8349765659171,239.59890913761538,244.362796382615,249.126638063566,253.89043394193092,258.6541837779789,263.41788733077885,268.18154435819395,272.945154616875,277.7087178622538,282.4722338485377,287.2357023287024,291.9991230544855,296.76249577638094,301.52582024363176,306.2890962042238,311.05232340487913,315.8155015910498,320.57863050691077,325.3417098953536,330.1047394979796,334.8677190550934,339.63064830569596,344.39352698747774,349.15635483681234,353.91913158874917,358.6818569770071,363.44453073396693,368.2071525906647,372.9697222767854,377.7322395206549,382.49470404923375,387.25711558810934,392.0194738614896,396.7817785921955,401.5440295016535
4135.59322,121.49403470297058,126.2877145803102,131.09198260620235,135.89623369819864,140.700444115438,145.5046135911791,150.30874190975152,155.11282885452735,159.91687420779965,164.72087775077708,169.5248392635779,174.3287585252242,179.1326353136366,183.9364694056281,188.74026057689852,193.54400860202847,198.34771325447397,202.466689276594,207.95344371348594,212.75856119012855,217.56209355889015,222.36557791788707,227.1690175130802,231.97241211776878,236.7757614962139,241.57906541148003,246.38232362544653,251.18553589880207,255.98870199103774,260.7918216604414,265.594894664091,270.3979207578484,275.20089969635325,280.0038312330163,284.8067151200132,289.60955110827837,294.41233894749774,299.2150783861031,304.0177691712651,308.82041104888674,313.6230037635972,318.4255470587444,323.2280406763894,328.0304843572987,332.8328778409382,337.635220865466,342.4375131677264,347.23975448324194,352.04194454620745,356.8440830894827,361.6461698445856,366.4482045416855,371.25018690959575,376.0521166757671,380.85399356628017,385.655817305839,390.45758761776307,395.2593042239812,400.0609668450235,404.86257520001413
4169.491525,122.4898874464375,127.32285978178811,132.16650705379416,137.01013725310187,141.85372644425303,146.69727435831996,151.54078077786428,156.38424548448242,161.22766825868325,166.0710488798818,170.91438712639408,175.75768277543096,180.60093560309264,185.44414538436274,190.28731189310253,195.1304349020451,199.97351418278933,204.1262523034513,209.65798013736696,214.50248382283453,219.3453894077335,224.18824658934514,229.03105864023664,233.87382533184882,238.7165464265105,243.55922168534445,248.40185086827805,253.24443373403813,258.0869700401444,262.92945954290406,267.7719019974032,272.61429715750285,277.4566447758314,282.2989446037787,287.14119639148873,291.9833998878545,296.82555484051,301.66766099582526,306.5097180988983,311.3517258935499,316.1936841223151,321.0355925264386,325.8774508458679,330.71925881924375,335.56101618389664,340.40272267583873,345.244378029757,350.0859819790063,354.9275342556025,359.7690345902161,364.61048271216424,369.45187834940424,374.2932212285268,379.13451107474873,383.9757476119054,388.8169305624442,393.65805964741685,398.49913458647285,403.3401550978515,408.18112089837496
4203.389831,123.48574018990453,128.35800498326608,133.24103150138598,138.12404080800516,143.00700877306812,147.88993512546074,152.772819645977,157.65566211443763,162.53846230956688,167.42122000898658,172.30393498921026,177.18660702563773,182.06923589254868,186.95182136309745,191.8343632093067,196.71686120206178,201.5993151111047,205.78581533030868,211.36251656124804,216.2464064555405,221.1286852565769,226.01091526080327,230.89309976739304,235.77523854592903,240.65733135680756,245.53937795920925,250.4213781111095,255.3033315692742,260.18523808925147,265.06709742536674,269.9489093307154,274.8306735571574,279.7123898553099,284.5940579745411,289.47567766296424,294.3572486674305,299.2387707335223,304.1202436055475,309.0016670265318,313.8830407382128,318.7643644810333,323.6456379941337,328.52686101534664,333.40803328118886,338.28915452685527,343.17022448621145,348.05124289178764,352.93220947477056,357.8131239649977,362.69398609094964,367.5747955797428,372.45555215712307,377.33625554745794,382.2169054737306,387.0975016575307,391.9780438190494,396.85853167707074,401.73896494896456,406.61934335067974,411.4996665967358
4237.288136,124.48159293337149,129.39315018474403,134.3155559489778,139.23794436290842,144.16029110188313,149.08259589260157,154.00485851408968,158.92707874439282,163.84925636045048,168.77139113809127,173.6934828520265,178.6155312758445,183.5375361820047,188.4594973418321,193.38141452551073,198.3032875020784,203.22511603942002,207.44537835716602,213.067052985129,217.99032908824648,222.9119811054202,227.83358393226132,232.75514089454944,237.67665176000912,242.59811628710443,247.51953423307378,252.4409053539412,257.3622294045103,262.28350613835835,267.20473530782937,272.12591666402767,277.0470499568119,281.96813493478817,286.8891713453035,291.81015893443987,296.7310974470065,301.6519866265346,306.5728262152696,311.4936159541651,316.4143555828759,321.33504483975116,326.25568346182837,331.17627118482517,336.0968077431341,341.0172928698136,345.93772629658406,350.8581077538181,355.7784369705349,360.69871367439293,365.61893759168305,370.53910844732144,375.45922596484183,380.37928986638906,385.29929987271214,390.2192557031559,395.13915707565474,400.0590037067245,404.97879531145617,409.89853160350776,414.8182122950966
4271.186441,125.47744567683844,130.42829538622195,135.3900803965696,140.35184791781168,145.31357343069826,150.27525665974235,155.23689738220244,160.19849537434789,165.16005041133408,170.12156226719603,175.08303071484272,180.04445552605122,185.00583647146073,189.96717332056667,194.92846584171483,199.88971380209497,204.85091696773534,209.10494138402333,214.77158940901006,219.73425172095241,224.69527695426356,229.65625260371942,234.61718202170582,239.5780649740891,244.53890121740127,249.49969050693812,254.46043259677265,259.42112723974634,264.3817741874653,269.3423731902921,274.3029239973399,279.2634263564663,284.2238800142665,289.184284716066,294.1446402059153,299.1049462265826,304.06520251954686,309.02540882499164,313.9855648817984,318.9456704275388,323.90572519846916,328.86572892952296,333.8256813543038,338.7855822050789,343.7454312127721,348.7052281069568,353.6649726158486,358.6246644662991,363.58430338378804,368.5438890924165,373.50342131489987,378.46289977256055,383.4223241853202,388.38169427169396,393.3410097487812,398.30027033225997,403.2594757363783,408.21862567394777,413.17771985633567,418.1367579934573
4305.084746,126.47329842030541,131.46344058769995,136.4646048441614,141.46575147271497,146.46685575951327,151.46791742688313,156.4689362503151,161.46991200430304,166.47084446221766,171.47173339630072,176.4725785776589,181.47337977625799,186.47413676091674,191.47484929930135,196.4755171579189,201.47614010211157,206.47671789605076,210.76450441088062,216.47612583289109,221.47817435365843,226.47857280310689,231.47892127517753,236.47922314886213,241.47947818816914,246.47968614769803,251.47984678080283,256.47995983960413,261.4800250749825,266.4800422365721,271.48001107275456,276.4799313306521,281.4798027561208,286.47962509374474,291.47939808682827,296.47912147739055,301.47879500615875,306.47841841255905,311.47799143471383,316.4775138094316,321.4769852722018,326.4764055571872,331.4757743972177,336.4750915237824,341.474356667024,346.4735695557307,351.47272991732945,356.4718374778792,361.4708919620634,366.46989309318315,371.46884059314993,376.46773418247847,381.46657358027915,386.46535850425124,391.46408867067555,396.4627637944064,401.4613835888651,406.4599477660321,411.45845603643943,416.45690810916375,421.4553036918181
4338.983051,127.4691511637724,132.49858578917787,137.53912929175328,142.57965502761823,147.62013808832836,152.660578194024,157.7009751184279,162.74132863425822,167.78163851310129,172.8219045254055,177.86212644047512,182.90230402646475,187.9424370503728,192.98252527803598,198.02256847412298,203.06256640212825,208.10251882436611,212.42406743773802,218.18066225677214,223.22209698636436,228.26186865195032,233.30158994663566,238.34126427601862,243.38089140224926,248.42047107799496,253.46000305466757,258.49948708243573,263.5389229102185,268.578310285679,273.6176489552173,278.6569386639644,283.69617915577544,288.73537017322303,293.7745114575909,298.81360274886634,303.85264378573464,308.8916343055714,313.9305740444361,318.96946273706504,324.00830011686463,329.04708591590526,334.08581986491225,339.12450169326104,344.16313112896916,349.20170789868916,354.24023172770217,359.2787023399097,364.31711945782774,369.3554828025783,374.3937920938835,379.4320470500571,384.4702473879981,389.5083928231825,394.5464830696573,399.58451784003176,404.6224968454703,409.6604197956859,414.69828639893115,419.73609636199194,424.7738493901788
4372.881356,128.4650039072394,133.53373099065584,138.61365373934507,143.6935585825215,148.77342041714343,153.8532389611648,158.93301398654057,164.01274526421335,169.09243256398494,174.17207565451022,179.25167430329137,184.3312282766715,189.41073733982884,194.49020125677066,199.5696197903271,204.64899270214485,209.72831975268147,214.0836304645953,219.8851986806532,224.96601961907035,230.04516450079365,235.12425861809365,240.20330540317505,245.2823046163293,250.3612560082918,255.4401593285321,260.51901432526716,265.5978207454546,270.6765783347858,275.7552868376799,280.83394599727654,285.91255555542983,290.9911152527014,296.0696248283533,301.14808402034186,306.2264925653107,311.3048501985838,316.38315665415814,321.46141166469835,326.53961496152783,331.61776627462325,336.6958653326069,341.7739118627396,346.85190559091416,351.9298462416478,357.0077335380748,362.0855672019403,367.16334695359205,372.24107251197347,377.318743594617,382.39635991763566,387.47392119571674,392.5514271421136,397.6288774686391,402.70627188565686,407.78361010207567,412.8608918253397,417.93811676142286,423.0152846148199,428.09239508853966
4406.779661,129.46085665070635,134.56887619213373,139.68817818693694,144.80746213742478,149.92670274595852,155.04589972830564,160.16505285465325,165.28416189416848,170.4032266148685,175.5222467836149,180.64122216610753,185.76015252687827,190.87903762928488,195.9978772355053,201.11667110653113,206.2354190021615,211.3541206809968,215.74319349145262,221.58973510453418,226.7099422517763,231.82846034963706,236.94692728955175,242.06534653033137,247.18371783040934,252.3020409385883,257.4203156023967,262.5385415680987,267.6567185806907,272.77484638389274,277.8929247201425,283.0109533305888,288.12893195508434,293.24686033217966,298.3647381991156,303.48256529181737,308.60034134488683,313.71806609159603,318.8357392638803,323.95336059233165,329.07092980619086,334.18844663334124,339.30591080030143,344.4233220322182,349.5406800528592,354.6579845846058,359.7752353484474,364.89243206397083,370.00957444935625,375.1266622213686,380.2436950953504,385.36067278521415,390.4775950034354,395.59446146104455,400.7112718676206,405.82802593128224,410.9447233586808,416.0613638549933,421.17794712391446,426.29447286764787,431.41094078690037
4440.677966,130.45670939417337,135.60402139361173,140.76270263452875,145.92136569232804,151.0799850747736,156.23856049544645,161.39709172276605,166.55557852412366,171.71402066575212,176.87241791271967,182.0307700289238,187.18907677708503,192.34733791874095,197.50555321424002,202.66372242273525,207.82184530217816,212.9799216093122,217.40275651830993,223.2942715284153,228.45386488448233,233.61175619848038,238.76959596100986,243.9273876574878,249.0851310444895,254.2428258688854,259.40047187626135,264.55806881093025,269.7156164159268,274.87311443299956,280.0305626026052,285.187960663901,290.34530835473885,295.50260541165807,300.6598515698781,305.8170465632929,310.97419012446284,316.13128198460834,321.2883218736025,326.44530951996506,331.602244650854,336.7591269920591,341.9159562679961,347.07273220169685,352.2294545148044,357.38612292756477,362.54273715882016,367.69929692600135,372.8558019451206,378.0122519307638,383.168646596084,388.3249856527928,393.48126881115417,398.6374957799758,403.7936662666025,408.94977997690745,414.10583661528614,419.2618358846473,424.4177774864061,429.5736611204761,434.72948648526125
4474.576271,131.45256213764029,136.63916659508968,141.83722708212056,147.0352692472313,152.23326740358863,157.43122126258723,162.62913059087876,167.82699515407876,173.02481471663575,178.22258904182436,183.42031789174,188.6180010272918,193.81563820819696,199.01322919297468,204.21077373893934,209.40827160219476,214.60572253762757,219.0623195451673,224.99880795229632,230.19778751718823,235.39505204732384,240.59226463246796,245.78942878464412,250.98654425856952,256.18361079918225,261.3806281501259,266.57759605376174,271.77451425116266,276.9713824821064,282.1682004850678,287.3649679972132,292.56168475439335,297.7583504911363,302.95496494064054,308.1515278347684,313.3480389040389,318.54449787762053,323.7409044833246,328.93725844759825,334.1335594955168,339.3298073507773,344.5260017356907,349.7221423711754,354.91822897674933,360.11426127052334,365.3102389691929,370.5061617880319,375.7020294408848,380.8978416401589,386.0935980968174,391.28929852037135,396.48494261887294,401.68053009890684,406.87606066558413,412.0715340225327,417.26694987189137,422.4623079143011,427.6576078488977,432.8528493733041,438.04803218362196
4508.474576,132.44841488110725,137.67431179656762,142.91175152971238,148.1491728021346,153.38654973240367,158.62388202972807,163.86116945899144,169.0984117840339,174.33560876751932,179.57276017092914,184.80986575455617,190.0469252774985,195.283938497653,200.52090517170933,205.75782505514343,210.99469790221139,216.23152346594293,220.72188257202464,226.70334437617728,231.94171014989416,237.17834789616703,242.4149333039261,247.6514699118005,252.88795747264965,258.1243957294791,263.36078442399037,268.59712329659334,273.8334120863989,279.0696505312133,284.3058383675305,289.5419753305256,294.77806115404775,300.0140955706146,305.25007831140294,310.4860091062439,315.7218876836149,320.9577137706329,326.1934870930468,331.4292073752316,336.66487434017984,341.9004877094952,347.13604720338503,352.37155254065397,357.60700343869445,362.84239961348175,368.07774077956543,373.3130266500624,378.5482569366491,383.783431349554,389.0185495975509,394.2536113879499,399.48861642659165,404.723564417838,409.9584550645658,415.19328806815787,420.4280631284967,425.6627799439549,430.8974382113894,436.1320376261321,441.3665778819827
4542.372881,133.44426762457425,138.70945699804557,143.9862759773042,149.26307635703782,154.53983206121876,159.81654279686884,165.09320832710418,170.369828413989,175.64640281840292,180.9229313000338,186.1994136173724,191.4758495277053,196.75223878710904,202.0285811504439,207.3048763713475,212.58112420222798,217.85732439425828,222.38144559888192,228.40788080005834,233.68563278260024,238.9616437450105,244.23760197538414,249.51351103895698,254.78937068672963,260.0651806597759,265.34094069785505,270.6166505394249,275.8923099216351,281.1679185803202,286.4434762499931,291.71898266383766,296.99443755370226,302.2698406500929,307.5451916821653,312.8204903777194,318.095736463191,323.37092966364503,328.64606970276895,333.92115630286474,339.1961891848428,344.4711680682133,349.74609267107996,355.02096271013255,360.29577790063945,365.5705379564402,370.84524258993815,376.1198915120929,381.3944844324133,386.66902105894917,391.94350109828423,397.2179242555285,402.49229023431036,407.76659873676914,413.04084946354743,418.31504211378314,423.5891763851018,428.8632519736087,434.13726857388104,439.4112258789602,444.68512358034343
4576.271186,134.44012036804116,139.74460219952357,145.060800424896,150.3769799119411,155.6931143900338,161.00920356400974,166.32524719521683,171.64124504394425,176.9571968692865,182.27310242913862,187.5889614801886,192.90477377791208,198.22053907656505,203.5362571291787,208.85192768755155,214.1675505022447,219.48312532257358,224.04100862573932,230.1124172239394,235.42955541530625,240.74493959385384,246.06027064684235,251.37555216611335,256.6907839008097,262.0059655900727,267.3210969717197,272.63617778225637,277.95120775687116,283.26618662942695,288.58111413245587,293.89598999714985,299.21081395335693,304.52558572957116,309.84030505292793,315.15497164919486,320.4695852427672,325.7841455566573,331.0986523124913,336.4131052304982,341.72750402950595,347.04184842693127,352.3561381387747,357.67037287961114,362.98455236258474,368.29867629939866,373.612744400311,378.92675637412344,384.2407119281778,389.5546107683443,394.8684525990178,400.18223712310703,405.4959640420293,410.8096330557002,416.1232438625293,421.43679615940835,426.7502896417071,432.0637240032624,437.3770989363728,442.6904141317883,448.00366927870436
4610.169492,135.43597311150813,140.7797474010015,146.13532487248781,151.4908834668444,156.84639671884887,162.2018643311505,167.5572860633296,172.91266167389935,178.26799092017012,183.6232735582433,188.97850934300484,194.33369802811882,199.6888393660211,205.0439331079133,210.39897900375573,215.75397680226123,221.10892625088903,225.70057165259664,231.8169536478204,237.1734780480121,242.52823544269717,247.8829393183004,253.23759329326973,258.59219711488976,263.94675052036956,269.30125324558435,274.65570502508797,280.0101055921072,285.3644546785339,290.7187520149183,296.0729973304621,301.42719035301127,306.78133080904956,312.1354184236903,317.4894529206705,322.84343402234316,328.19736144966964,333.5512349222132,338.90505415813163,344.2588188741689,349.6125287856494,354.96618360646926,360.31978304908984,365.6733268245297,371.0268146423573,376.3802462106835,381.7336212361541,387.08693942394194,392.44020047773944,397.7934040997511,403.1465499906856,408.49963784974784,413.8526673746313,419.2056382615109,424.5585502050331,429.91140289831225,435.2641960329163,440.61692929886436,445.9696023846164,451.322214977065
4644.067797,136.4318258549752,141.81489260247946,147.20984932007963,152.60478702174763,157.99967904766393,163.39452509829127,168.7893249314423,174.18407830385445,179.57878497105372,184.97344468734804,190.3680572058211,195.76262227832555,201.15713965547712,206.55160908664797,211.94603031995973,217.3404031022779,222.73472717920436,227.3601346794539,233.52149007170144,238.9174006807181,244.31153129154058,249.7056079897584,255.0996344204261,260.49361032896985,265.8875354506664,271.28140951944863,276.67523226791945,282.06900342734326,287.4627227276408,292.8563898973808,298.2500046637743,303.6435667526657,309.03707588852774,314.43053179445263,319.82393419214594,325.2172828019192,330.6105773426819,336.00381753193545,341.39700308576494,346.79013371883195,352.1832091443673,357.57622907416356,362.9691932185684,368.3621012864746,373.75495298531575,379.14774802105615,384.54048609818466,389.9331669197062,395.32579018713454,400.7183556004843,406.11086285826417,411.50331165746655,416.89570169356244,422.28803266049255,427.6803042506589,433.07251615491754,438.46466806257,443.85675966135597,449.24879063744436,454.6407606754259
4677.966102,137.4276785984421,142.85003780395743,148.28437376767153,153.7186905766509,159.152961376479,164.58718586543213,170.02136379955505,175.4554949338096,180.88957902193735,186.3236158164528,191.75760506863725,197.19154652853237,202.6254399449332,208.0592850653826,213.49308163616388,218.92682940229454,224.36052810751974,229.01969770631126,235.22602649558243,240.66132331342416,246.09482714038398,251.5282766612165,256.9616755475826,262.39502354305,267.8283203809633,273.26156579331354,278.694759510751,284.1279012625794,289.56099077674764,294.99402777984363,300.4270119970865,305.8599431523204,311.29282096800614,316.72564516521516,322.1584154636216,327.5911315814952,333.0237932356942,338.4564001416575,343.8889520133983,349.321448563495,354.7538895030853,360.1862745418585,365.61860338804706,371.0508757484198,376.48309132827427,381.91524983142887,387.3473509602152,392.77939441547056,398.2113798965299,403.6433071012181,409.07517572584277,414.5069854651854,419.93873601249356,425.37042705947437,430.80205829628414,436.23362941152277,441.66514009222385,447.0965900238477,452.5279788902725,457.9593063737866
4711.864407,138.42353134190913,143.88518300543535,149.35889821526337,154.83259413155417,160.30624370529412,165.77984663257294,171.25340266766776,176.72691156376482,182.20037307282092,187.67378694555754,193.14715293145352,198.62047077873905,204.09374023438926,209.56696104411725,215.04013295236797,220.51325570231114,225.98632903583513,230.6792607331686,236.93056291946354,242.40524594613007,247.87812298922728,253.35094533267466,258.82371667473893,264.2964367571301,269.7691053112601,275.24172206717793,280.71428675358266,286.1867990978154,291.65925882585447,297.1316656623062,302.6040193303985,308.07631955197485,313.5485660474844,319.0207585359775,324.49289673509713,329.9649803610713,335.43700912870645,340.90898275137977,346.38090094103154,351.8527634081579,357.3245698618034,362.7963200095532,368.2680135575257,373.7396502103649,379.2112296712329,384.68275164180153,390.1542158222457,395.6256219112348,401.0969696059249,406.56825860195164,412.03948859342137,417.51065927290415,422.9817703314247,428.45282145845596,433.92381234190935,439.3947426681281,444.86561212187763,450.33642038633934,455.80716714310057,461.2778520721473
4745.762712,139.41938408537604,144.92032820691327,150.43342266285512,155.94649768645743,161.45952603410913,166.97250739971372,172.48544153578044,177.99832819371994,183.51116712370458,189.02395807466223,194.53670079426968,200.04939502894584,205.56204052384527,211.07463702285187,216.587184268572,222.09968200232774,227.61212996415048,232.33882376002595,238.63509934334448,244.14916857883603,249.66141883807057,255.17361400413267,260.68575780189536,266.1978499712101,271.70989024155693,277.2218783410426,282.7338139964141,288.24569693305153,293.75752687496134,299.269303544769,304.781026663711,310.29269595162936,315.8043111269627,321.3158719067401,326.8273780065726,332.3388291406473,337.85022502171876,343.3615653611019,348.87284986866496,354.3840782528209,359.89525022052135,365.40636547724773,370.9174237270044,376.4284246723099,381.9393680141913,387.45025345217414,392.9610806842763,398.47184940699907,403.98255931532,409.49321010268505,415.00380146099997,420.51433308062275,426.02480465035586,431.53521585743766,437.0455663875346,442.55585592473324,448.0660841515314,453.5762507488309,459.08635539592865,464.59639777050813
4779.661017,140.41523682884304,145.95547340839124,151.50794711044693,157.0604012413607,162.61280836292417,168.16516816685456,173.71748040389318,179.26974482367504,184.82196117458813,190.37412920376696,195.92624865708584,201.47831927915257,207.03034081330134,212.58231300158656,218.1342355847761,223.6861083023444,229.23793089246584,233.9983867868832,240.3396357672256,245.89309121154207,251.44471468691398,256.99628267559075,262.5477989290518,268.0992631852901,273.6506751718538,279.2020346149072,284.7533412392455,290.3045947682876,295.8557949240682,301.4069414272315,306.9580339970232,312.5090723512838,318.06005620644106,323.6109852775024,329.16185927804815,334.7126779202233,340.26344091473095,345.814147970824,351.36479879629815,356.9153930974839,362.46593057923934,368.0164109449423,373.5668338964829,379.117199134255,384.66750635714976,390.2177552625469,395.76794554630675,401.3180769027633,406.86814902471514,412.41816160341847,417.9681143285785,423.51800688834146,429.06783896928687,434.61761025641937,440.16732043315983,445.7169691813384,451.2665561811853,456.81608111132266,462.3655436487568,467.9149434688686
4813.559322,141.41108957231,146.99061860986916,152.58247155803875,158.17430479626395,163.76609069173924,169.35782893399536,174.94951927200592,180.54116145363017,186.13275522547175,191.72430033287165,197.3157965199021,202.90724352935933,208.49864110275735,214.08998898032118,219.68128690098018,225.272534602361,230.86373182078114,235.65794981374052,242.04417219110655,247.63701384424792,253.22801053575733,258.8189513470489,264.4098400562081,270.0006763993702,275.59146010215056,281.18219088877174,286.772868482077,292.36349260352364,297.95406297317516,303.54457930969414,309.1350413303354,314.7254487509384,320.3158012859193,325.9060986482648,331.4963405495236,337.0865266997994,342.67665680774326,348.26673058054615,353.8567477239315,359.4467079421471,365.0366109379574,370.6264564126369,376.2162440659614,381.8059735962,387.39564470010833,392.9852570729195,398.57481040833727,404.16430439852763,409.7537387341103,415.3431131041519,420.93242719615705,426.52168069606023,432.110873288218,437.70000465540096,443.28907447878504,448.8780824379437,454.4670282108389,460.05591147381415,465.64473190158463,471.2334891672296
4847.457627,142.406942315777,148.02576381134713,153.65699600563065,159.28820835116724,164.91937302055436,170.5504897011362,176.18155814011863,181.81257808358532,187.44354927635533,193.07447146197643,198.70534438271832,204.3361677795661,209.96694139221339,215.5976649590559,221.22833821718427,226.85896090237767,232.4895327490965,237.31751284059794,243.74870861498763,249.380936476954,255.0113063846008,260.641620018507,266.27188118336454,271.9020896134503,277.53224503244746,283.1623471626362,288.7923957249087,294.4223904387595,300.05233102228203,305.6822171921568,311.31204866364766,316.9418251505928,322.57154636539764,328.20121201902725,333.8308218209992,339.46037547937556,345.08987270075556,350.7193131902684,356.34869665156475,361.97802278680996,367.6072912966754,373.2365018803317,378.86565423544005,384.4947480581451,390.12378304306685,395.7527588832922,401.3816752703679,407.01053189429194,412.63932844350546,418.2680646048854,423.89674006373565,429.525354503779,435.15390760714916,440.7823990543828,446.4108285244105,452.03919569454894,457.66750024049287,463.29574183630604,468.92392015441277,474.55203486559043
4881.355932,143.40279505924394,149.0609090128251,154.73152045322243,160.4021119060705,166.0726553493694,171.743150468277,177.41359700823133,183.08399471354048,188.75434332723896,194.42464259108115,200.0948922455345,205.76509202977286,211.43524168166942,217.10534093779052,222.7753895333884,228.44538720239424,234.11533367741194,238.97707586745526,245.45324503886866,251.12485910965995,256.79460223344415,262.46428868996503,268.1339223105209,273.8035028275304,279.47302996274425,285.142503436501,290.81192296774014,296.4812882739959,302.15059907138885,307.8198550746192,313.4890559969598,319.15820155024727,324.8272914448759,330.49632538978966,336.16530309247463,341.83422425895145,347.5030885937678,353.1718957999905,358.84064557919817,364.50933763147293,370.1779716553934,375.8465473480262,381.5150644049186,387.1835225200902,392.85192138602537,398.5202606936649,404.1885401323979,409.85675939005614,415.5249181529006,421.1930161056189,426.8610529313142,432.5290283114977,438.1969419260801,443.8647934533644,449.5325825700357,455.20030895115417,460.86797227014665,466.53557219879764,472.2031084072409,477.8705805639512
4915.254237,144.39864780271088,150.09605421430302,155.80604490081424,161.51601546097376,167.22593767818447,172.9358112354178,178.64563587634407,184.3554113434956,190.06513737812256,195.77481372018585,201.48444010835073,207.19401627997956,212.90354197112546,218.61301691652517,224.32244084959248,230.03181350241087,235.74113460572724,240.63663889431257,247.1577814627497,252.8687817423659,258.57789808228745,264.28695736142316,269.9959634376773,275.70491604161043,281.4138148930411,287.12265971036555,292.8314502105717,298.5401861092319,304.24886712049573,309.957492957082,315.666063330272,321.3745779499018,327.0830365243542,332.79143876055207,338.49978436395014,344.2080730385276,349.91630448678006,355.6244784097127,361.33259450683147,367.0406524761359,372.7486520141113,378.4565928157209,384.1644745743972,389.87229698203487,395.58005972898377,401.28776250403763,406.9954049944289,412.7029868858204,418.4105078622958,424.1179676063523,429.82536579889273,435.5327021192164,441.23997624501123,446.9471878523461,452.6543366156609,458.36142220775935,464.0684442998004,469.7754025612891,475.48229666006887,481.1891262623119
4949.152542,145.3945005461779,151.13119941578105,156.88056934840608,162.62991901587705,168.37922000699953,174.1284720025586,179.87767474445675,185.62682797345076,191.37593142900616,197.12498484929063,202.87398797116694,208.62294053018638,214.3718422605815,220.12069289525988,225.86949216579657,231.61823980242755,237.36693553404257,242.29620192116994,248.8623178866307,254.6127043750719,260.36119393113086,266.10962603288124,271.8580045648337,277.6063292556905,283.3545998233379,289.1028159842302,294.85097745340323,300.5990839444681,306.34713516960267,312.0951308395447,317.8430706635843,323.59095434955634,329.3387816038326,335.0865521313145,340.83426563542565,346.58192181810364,352.3295203797924,358.0770610194348,363.82454343446483,369.5719673207986,375.3193323728294,381.0666382834155,386.81388474387586,392.5610714439804,398.3081980719424,404.0552643144103,409.8022698564596,415.54921438158476,421.296097571691,427.0429191070858,432.7896786664714,438.5363759269352,444.2830105639426,450.0295822513279,455.7760906612861,461.5225354643647,467.2689163294543,473.01523292378096,478.7614849128972,484.50767196067267
5000.0,146.88827966137833,152.68391721799793,158.4923560197938,164.30077434823193,170.10914350022216,175.9174631532698,181.72573304662586,187.53395291838348,193.3421225053316,199.15024154294775,204.95830976539128,210.76632690549647,216.57429269476555,222.3822068633618,228.19006914010265,233.99787925245244,239.80563692651566,244.78554646145585,251.41912252245228,257.2285883241308,263.03613770439586,268.8436290400684,274.6510662555683,280.4584490768106,286.2657772187832,292.073050395027,297.8802683176505,303.6874306973222,309.4945372432629,315.30158766323865,321.1085816635526,326.91551894903796,332.72239922305005,338.5292221874582,344.335987542639,350.1426949874677,355.9493442193109,361.7559349340181,367.5624668259148,373.3689395877935,379.1753529109063,384.98170648495744,390.7879999980938,396.5942331368979,402.4004055863801,408.2065170299692,414.01256714950523,419.8185556252311,425.6244821357835,431.430346358186,437.23614796783926,443.04188663851323,448.8475620423392,454.65317384980034,460.458721729724,466.2642053492726,472.0696243739349,477.8749784675183,483.6802672921391,489.48549050821396
5016.949153,147.38620603311182,153.20148981873692,159.0296182435897,164.85772612568357,170.68578466462964,176.51379353684024,182.3417524806822,188.169661233361,193.99751953077336,199.82532710750004,205.6530836967994,211.48078903059985,217.30844283949355,223.13604485272913,228.96359479820472,234.79109240246078,240.61853739067337,245.61532797488454,252.2713907343928,258.1005496404838,263.92778562881756,269.7549633757974,275.58208681914647,281.40915568385066,287.2361696839316,293.0631285319593,298.89003193906626,304.7168796149402,310.54367126781636,316.3704066044699,322.19708533020884,328.02370714886524,333.8502717627891,339.67677887283935,345.5032281783767,351.3296193772557,357.1559521658169,362.98222623887915,368.80844128973143,374.634597010125,380.46069309026547,386.2867292188044,392.112705082833,397.9386203678704,403.76447475785943,409.5902679351556,415.4159995805206,421.2416693731133,427.06727699048116,432.89282210855265,438.71830440162853,444.5437235423727,450.3690792018047,456.1943710492914,462.0195987525365,467.84476197757493,473.66986038876183,479.49489364876416,485.31986141855305,491.14476335739425
5050.847458,148.38205877657882,154.2366350202149,160.10414269118155,165.97162968058683,171.83906699344473,177.70645430398108,183.57379134879488,189.44107786331614,195.30831358165693,201.1754982366048,207.0426315596156,212.90971328080659,218.77674312894965,224.64372083146384,230.51064611440873,236.37751870247732,242.2443383189886,247.2748910017419,253.9759271582738,259.84447227318975,265.7110814776609,271.5776320472555,277.44412794630284,283.31056889793075,289.1769546142283,295.0432848058239,300.90955918189775,306.7757774501762,312.64193931692313,318.5080444869324,324.37409266352097,330.2400835485197,336.1060168422674,341.9718922436018,347.8377094498523,353.70346815683183,359.5691680588291,365.43480884860145,371.30039021736474,377.1659118547879,383.0313734489834,388.8967746864994,394.76211525231116,400.6273948298155,406.49261310081783,412.3577697455283,418.22286444255116,424.0878968688776,429.9528666998763,435.8177736092861,441.682617269207,447.54739735009144,453.4121135207358,459.27676544827295,465.1413527981618,471.0058752341805,476.8703324184155,482.7347240112557,488.5990496713812,494.4633090557551
5084.745763,149.37791152004576,155.27178022169284,161.1786671387734,167.08553323549012,172.9923493222598,178.89911507112188,184.80583021690765,190.71249449327135,196.6191076325406,202.52566936570952,208.43217942243183,214.3386375310134,220.2450434184057,226.1513968101985,232.05769743061288,237.96394500249403,243.87013924730405,248.93445402859916,255.68046358215486,261.58839490589577,267.49437732650426,273.40030071871365,279.3061690734593,285.2119821120106,291.11773954452525,297.02344107968855,302.9290864247294,308.83467528541246,314.74020736603023,320.6456823693953,326.5510999968334,332.45645994817426,338.36176192174577,344.2670056143643,350.1721907213277,356.0773169364079,361.9823839518415,367.8873914583235,373.79233914499815,379.69722669945077,385.60205380770157,391.506820154194,397.41152542179026,403.3161692917607,409.220751443776,415.12527155590095,421.0297293045817,426.93412436464195,432.83845640927154,438.74272511001965,444.6469301367856,450.5510711578102,456.455147839667,462.3591598472547,468.26310684378706,474.1669884907857,480.07080444806934,485.9745543737474,491.8782379242092,497.7818547541157
5118.644068,150.37376426351275,156.30692542317078,162.25319158636515,168.19943679039338,174.14563165107486,180.09177583826266,186.03786908502036,191.98391112322645,197.9299016834242,203.87584049481427,209.82172728524802,215.7675617812201,221.71334370786167,227.65907278893314,233.604748746817,239.55037130251065,245.49594017561938,250.59401705545653,257.3850000060359,263.33231753860167,269.2776731753477,275.22296939017167,281.16821020061565,287.1133953260909,293.0585244748221,299.0035973535531,304.9486136675608,310.89357312064845,316.838475415137,322.78332025185784,328.72810733014546,334.67283634782876,340.61750700122406,346.56211898512663,352.50667199280326,358.4511657159839,364.3955998448538,370.33997406804565,376.28428807263134,382.228541544114,388.1727341664194,394.1168656218886,400.0609355912689,406.0049437537057,411.94888978673487,417.89277336627356,423.83659416661226,429.78035186040614,435.7240461186666,441.6676766107531,447.61124300436416,453.5547449655288,459.49818215859807,465.4415542462363,471.38486088941227,477.32810174739075,483.2712764777231,489.21438473623914,495.1574261770373,501.10040045247666
5152.542373,151.36961700697972,157.3420706246487,163.32771603395702,169.31334034529658,175.29891397988993,181.28443660540347,187.2699079531331,193.25532775318152,199.2406957343078,205.2260116239189,211.21127514806426,217.19648603142684,223.1816439973177,229.16674876766777,235.15180006302108,241.13679760252725,247.12174110393485,252.2535800823138,259.08953642991696,265.0762401713076,271.0609690241911,277.0456380616297,283.03025132777213,289.01480854017086,294.99930940511905,300.9837536274177,306.9681409103924,312.9524709558844,318.9367434642439,324.92095813432053,330.9051146634577,336.8892127474832,342.87325208070246,348.85723235588904,354.8411532642788,360.8250144955599,366.8088157378661,372.79255667776766,378.77623700026476,384.75985638877694,390.74341452513755,396.7269110895832,402.71034576074754,408.69371821565073,414.6770281296935,420.66027517664617,426.6434590286429,432.6265793561703,438.60963582806187,444.5926281114865,450.5755558719428,456.5584187732475,462.5412164775292,468.5239486452179,474.5066149350377,480.4892150039958,486.47174850737713,492.45421509873074,498.4366144298654,504.4189461508372
5186.440678,152.3654704263824,158.37721582762632,164.4022404815522,170.4272439001999,176.45219630870503,182.4770973725443,188.50194682124584,194.52674438313676,200.55148978519142,206.57618275302372,212.60082301088045,218.62541028163363,224.6499442867738,230.67442474640245,236.6988513792252,242.72322390254396,248.74754203225018,253.91314310917116,260.794072853798,266.8201628040137,272.8442648730344,278.8683067330879,284.8922924549285,290.91622175425107,296.9400943354158,302.9639099012823,308.987668153224,315.0113687911206,321.03501151335075,327.0585960167832,333.08212199676984,339.1055891471378,345.12899716018063,351.15234572665145,357.17563453575434,363.19886327513603,369.2220316308784,375.24513928748996,381.2681859278981,387.29117123344,393.31409488385543,399.3369565572779,405.3597559302257,411.38249267759585,417.4051664726521,423.42777698701894,429.4503238906733,435.47280685193465,441.495225537457,447.51757961222006,453.53986873952135,459.5620925809664,465.58425079646037,471.6063430441998,477.62836898066286,483.6503282606014,489.6722205370309,495.6940454612226,501.71580268269344,507.73749184919825
5220.338983,153.36132317426726,159.41236102911404,165.47676492914403,171.54114745510321,177.60547863752004,183.66975813968511,189.73398568935858,195.7981610130919,201.862283836075,207.92635388212844,213.99037087369666,220.05433453184042,226.11824457622978,232.1821007251372,238.2459026954292,244.30965020256056,250.37334296056548,255.5727061360286,262.498609277679,268.56408543671967,274.6275607218778,280.69097540454595,286.7543335820849,292.81763496833105,298.8808792657127,304.944066175147,311.00719539605535,317.0702666263567,323.1332795624575,329.1962338992458,335.25912933008215,341.32196554679217,347.384742239659,353.447459097414,359.51011580722985,365.57271205471204,371.6352475238906,377.6977218972121,383.76013485553136,389.822486078103,395.8847752425735,401.94700202497256,408.00916609970454,414.07126713954096,420.1333048156105,426.1952787973916,432.2571887527039,438.31903434769896,444.3808152468521,450.4425311129535,456.5041816070999,462.565766388685,468.6272851153914,474.68873744318154,480.7501230262881,486.81144151720656,492.8726925666845,498.93387582371395,504.99499093552146,511.056037547559
5254.237288,154.35717592215207,160.44750623060182,166.55128937673584,172.65505101000647,178.75876096633513,184.86241890682595,190.9660245574712,197.06957764304704,203.17307788695862,209.27652501123316,215.37991873651285,221.48325878204713,227.58654486568585,233.68977670387176,239.79295401163327,245.8960765025772,251.99914388888087,257.23226916288587,264.20314570156006,270.3080080694256,276.4108565707211,282.513644076004,288.6163747092413,294.71904818241114,300.82166419600946,306.9242224490114,313.02672263888707,319.1291644615927,325.2315476115644,331.33387178170847,337.43613666339434,343.53834194644674,349.64048731913715,355.74257246817643,361.8445970787053,367.9465608342881,374.04846341690296,380.1503045069343,386.25208378316466,392.35380092276597,398.4554556012914,404.55704749266704,410.6585762691832,416.760041601486,422.861443158569,428.96278060776433,435.06405361473435,441.16526184346316,447.26640495624724,453.36748261368695,459.4684944746785,465.56944019640383,471.6703194343224,477.77113184216313,483.87187707191333,489.97255477381185,496.0731645963383,502.17370618620566,508.2741791883496,514.3745832459198
5288.135593,155.3530286700369,161.48265143208954,167.62581382432768,173.7689545649097,179.9120432951502,186.0550796739667,192.19806342558397,198.34099427300214,204.4838719378422,210.62669614033788,216.7694665993291,222.91218303225392,229.05484515514183,235.19745268260635,241.34000532783733,247.4825028025938,253.62494481719617,258.8918321897432,265.907682125441,272.05193070213153,278.1941524195645,284.33631274746216,290.4784158363977,296.62046139649124,302.76244912630636,308.90437872287595,315.0462498817185,321.18806229682883,327.3298156606711,333.471509664171,339.6131439967065,345.75471834610124,351.8962323986155,358.0376858389389,364.17907835018076,370.3204096138641,376.46167930991516,382.60288711665635,388.74403271079797,394.88511576742917,401.02613596000947,407.16709296036174,413.3079864386619,419.448816063431,425.58958150152745,431.73028241813694,437.8709184767649,444.01148933922747,450.1519946656424,456.29243411442036,462.4328073422569,468.5731140041225,474.7133537532536,480.85352624114466,486.9936311175386,493.133668030417,499.27363662599214,505.4135365486972,511.55336744117756,517.6931289442805
5322.033898,156.34888141792175,162.51779663357732,168.70033827191955,174.882858119813,181.0653256239653,187.24774044110757,193.43010229369668,199.61241090295735,205.79466598872582,211.9768672694427,218.15901446214528,224.34110728246068,230.5231454445979,236.70512866134104,242.88705664404145,249.06892910261038,255.2507457455115,260.5513952166005,267.6122185493221,273.7958533348376,279.97744826840784,286.15898141892023,292.34045696355406,298.52187461057133,304.7032340566032,310.8845349967407,317.0657771245501,323.2469601320649,329.42808370977815,335.6091475466337,341.79015133001883,347.97109474575575,354.1519774780939,360.33279920970125,366.5135596216564,372.69425839344024,378.8748952029275,385.05546972637853,391.235981638431,397.416430612092,403.5968163187275,409.77713842805645,415.95739660814047,422.13759052537614,428.31771984448596,434.4977842285096,440.67778333879556,446.8577168349918,453.0375843750369,459.21738561515394,465.3971202098355,471.57678781184126,477.75638807218485,483.9359206401264,490.1153851631638,496.2947812870223,502.4741086556459,508.653366911189,514.8325556940057,521.0116746426412
5355.932203,157.34473416580664,163.55294183506504,169.7748627195114,175.99676167471628,182.2186079527803,188.44040120824835,194.66214116180942,200.88382753291248,207.10546003960943,213.3270383985474,219.54856232496144,225.77003153266745,231.99144573405394,238.21280464007572,244.43410796024557,250.65535540262707,256.87654667382697,262.2109582434579,269.3167549732031,275.53977596754356,281.76074411725114,287.9816500903783,294.20249809071055,300.42328782465137,306.6440189869,312.86469127060525,319.0853043673816,325.305857967301,331.5263517588851,337.74678542909635,343.96715866333096,350.18747114541014,356.40772255757224,362.62791258046366,368.84804089313195,375.0681071730163,381.28811109593977,387.5080523361008,393.72793056606463,399.947745456755,406.1674966774455,412.387183895751,418.60680677761854,424.82636498732126,431.0458581874445,437.26528603888227,443.48464820082603,449.7039443307561,455.9231740844326,462.14233711588736,468.3614330774141,474.5804616195601,480.7994223911159,487.01831503910824,493.23713920878913,499.45589454362755,505.67458068529965,511.89319727368064,518.1117439468337,524.330220341002
5389.830508,158.34058691369148,164.5880870365528,170.8493871671032,177.1106652296195,183.37189028159537,189.63306197538918,195.89418002992213,202.1552441628676,208.41625409049306,214.67720952765208,220.93811018777774,227.19895578287415,233.45974602351,239.72048061881043,245.9811592764497,252.24178170264375,258.50234760214227,263.87052127031524,271.0212913970842,277.28369860024947,283.5440399660945,289.80431876183644,296.06453921786687,302.3247010387314,308.5848039171968,314.8448475444699,321.104831610213,327.3647558025371,333.62461980799185,339.884423311559,346.1441659966431,352.40384754506465,358.66346763705053,364.92302595122607,371.1825221646074,377.44195595259225,383.701326988952,389.9606349458229,396.21987949369793,402.4790603014181,408.7381770361635,414.99722936344557,421.2562169470976,427.51513944926626,433.77399653040305,440.032787849255,446.2915130628566,452.5501718265203,458.8087637938277,465.06728861662083,471.3257459449928,477.58413542727874,483.8424567100469,490.1007094380899,496.3588932544143,502.6170078002327,508.87505271495365,515.1330276361721,521.3909321996617,527.6487660393627
5423.728814,159.3364396615763,165.62323223804054,171.9239116146951,178.22456878452277,184.52517261041052,190.82572274253002,197.12621889803484,203.42666079282273,209.72704814137663,216.02738065675683,222.32765805059393,228.62788003308097,234.928046312966,241.22815659754505,247.52821059265375,253.82820800266026,260.1281485304577,265.5300842971725,272.72582782096515,279.0276212329555,285.32733581493784,291.6269874332945,297.9265803450233,304.22611425281156,310.5255888474937,316.8250038183344,323.1243588530448,329.4236536377732,335.72288785709884,342.02206119402166,348.3211733299554,354.62022394471927,360.9192127165288,367.2181393219885,373.5170034360829,379.81580473216843,386.1145428819643,392.4132175555451,398.71182842133135,405.0103751460811,411.30885739488144,417.6072748311404,423.9056271165763,430.20391391121143,436.50213487336157,442.80028965962777,449.0983779248872,455.3963993222846,461.6943535032229,467.99224011735436,474.2900588125714,480.5878092349975,486.8854910289781,493.18310383707166,499.4806473000397,505.77812105683813,512.0755247446072,518.3728579986639,524.6701204524899,530.9673117377237
5457.627119,160.33229240946116,166.65837743952832,172.99843606228694,179.33847233942603,185.6784549392255,192.0183835096708,198.35825776614755,204.69807742277789,211.03784219226026,217.37755178586158,223.71720591341017,230.05680428328773,236.3963466024221,242.7358325762797,249.0752619088578,255.41463430267694,261.753949458773,267.18964732402986,274.43036424484615,280.7715438656615,287.1106316637812,293.44965610475265,299.7886214721796,306.1275274668917,312.46637377779047,318.805160092199,325.14388609587616,331.48255147300927,337.82115590620566,344.15969907648423,350.49818066326765,356.83660034437366,363.1749577960071,369.513252692751,375.8514847075584,382.18965351174444,388.5277587749765,394.8658001652673,401.20377734896465,407.5416899907441,413.8795377535995,420.2173202988349,426.55503728605487,432.8926883731565,439.2302732163201,445.56779147000026,451.90524278691765,458.2426268180489,464.57994321261816,470.91719161808766,477.25437168014986,483.5914830427163,489.92852534790904,496.2654982360533,502.6024013456649,508.9392343134432,515.2759967742612,521.6126883611557,527.949308705318,534.2858574360844
5491.525424,161.328145157346,167.69352264101607,174.07296050987875,180.45237589432932,186.8317372680406,193.21104427681163,199.59029663426023,205.969494052733,212.34863624314386,218.7277229149663,225.10675377622636,231.48572853349444,237.86464689187804,244.2435085550143,250.62231322506193,257.0010606026936,263.37975038708834,268.8492103508871,276.1349006687272,282.5154664983674,288.8939275126246,295.2723247762107,301.65066259933593,308.0289406809717,314.40715870808725,320.7853163660635,327.16341333870776,333.5414493082454,339.9194239553125,346.2973369589466,352.67518799657984,359.05297674402823,365.43070287548545,371.8083660635134,378.18596597903394,384.56350229132056,390.9409746679889,397.3183827749894,403.69572627659795,410.0730048354072,416.45021811231754,422.82736576652957,429.20444745553345,435.5814628351015,441.95841155927855,448.33529328037304,454.71210764894823,461.08885431381316,467.4655329220133,473.84214311882107,480.21868454772846,486.59515685043493,492.97155966684034,499.3478926350349,505.72415539129,512.1003475700483,518.4764688039149,524.8525187236472,531.2284969581459,537.6044031344451
5525.423729,162.32399790523084,168.7286678425038,175.1474849574706,181.5662794492326,187.98501959685564,194.4037050439524,200.822335502373,207.24091068268817,213.65943029402746,220.07789404407097,226.4963016390425,232.91465278370117,239.33294718133416,245.75118453374898,252.169364541266,258.5874869027102,265.0055513154037,270.5087733777445,277.83943709260836,284.2593891310734,290.67722336146795,297.0949934476687,303.51270372649236,309.9303538950517,316.3479436383841,322.7654726399282,329.1829405815391,335.6003471434812,342.0176920044193,348.4349748414095,354.8521953298921,361.2693531436827,367.6864479549637,374.1034794342758,380.52044725050945,386.93735107089657,393.35419056100113,399.7709653847115,406.1876752042312,412.60431968007015,419.0208984710355,425.4374112342242,431.85385762501204,438.27023729704655,444.68654990223706,451.10279509074564,457.51897251097876,463.93508180957747,470.3511226314084,476.7670946195547,483.18299741530706,489.59883065815364,496.0145939857714,502.43028703401654,508.84590943691535,515.2614608266538,521.6769408335688,528.0923490861389,534.507685210974,540.9229488328059
5559.322034,163.31985065311565,169.76381304399155,176.22200940506244,182.6801830041358,189.1383019256707,195.59636581109322,202.05437437048568,208.5123273126433,214.97022434491103,221.42806517317575,227.88584950185873,234.3435770339079,240.80124747079017,247.25886051248364,253.71641585747005,260.17391320272674,266.6313522437191,272.1683364046018,279.5439735164893,286.0033117637794,292.46051921031136,298.9176621191268,305.37474485364874,311.8317671091318,318.28872856868094,324.7456289137927,331.20246782437073,337.6592449787175,344.1159600535262,350.5726127238721,357.0292026632042,363.4857295433372,369.94219303444197,376.3985928050382,382.85492852198496,389.3111998504726,395.7674064540134,402.22354799443366,408.67962413186456,415.135634524733,421.59157882975353,428.0474567019188,434.5032677944907,440.9590117589916,447.41468824519546,453.87029690111785,460.3258373730093,466.7813093053415,473.2367123408035,479.6920461202881,486.14731028288554,492.6025044658723,499.0576283047024,505.51268143299836,511.9676634825406,518.422574083259,524.8774128632226,531.3321794486305,537.7868734638021,544.2414945311667
5593.220339,164.31570340100058,170.79895824547935,177.29653385265433,183.79408655903913,190.2915842544858,196.7890265782341,203.28641323859839,209.78374394259848,216.28101839579463,222.7782363022805,229.275397364675,235.77250128411475,242.2695477602462,248.76653649121832,255.2634671736742,261.7603395027435,268.2571531720344,273.82789943145906,281.2485099403704,287.7472343964854,294.24381505915477,300.74033079058495,307.2367859808052,313.7331803232119,320.2295134989778,326.72578518765715,333.2219950672022,339.7181428139536,346.21422810263306,352.7102506063348,359.20620999651646,365.7021059429917,372.1979381139203,378.6937061758007,385.1894097934605,391.68504863004864,398.18062234702563,404.6761306041559,411.1715730594979,417.66694936939615,424.1622591884716,430.6575021696134,437.15267796396927,443.6477862209368,450.14282658815404,456.6377987114911,463.13270223503974,469.627536801106,476.12230205019864,482.61699762102154,489.1116231504642,495.6061782735912,502.1006626236337,508.5950758319801,515.0894175281659,521.5836873398641,528.0778848928765,534.5720098111221,541.0660617166301,547.5600402295272
5627.118644,165.31155614888544,171.83410344696705,178.37105830024615,184.90799011394242,191.44486658330086,197.98168734537484,204.51845210671112,211.05516057255358,217.59181244667823,224.12840743138526,230.66494522749116,237.20142553432143,243.73784804970222,250.274212469953,256.8105184898783,263.3467658027601,269.8829541003499,275.4874624583165,282.95304636425135,289.4911570291913,296.02711090799806,302.562999462043,309.0988271079616,315.6345935372922,322.1702984292746,328.70594146152183,335.2415223100337,341.77704064918976,348.3124961517399,354.84788848879737,361.3832173298287,367.91848234264614,374.4536831933986,380.98881954656304,387.523891064936,394.05889740962465,400.593838240038,407.12871321387803,413.66352198713116,420.19826421405907,426.7329395471897,433.26754763730804,439.80208813344785,446.3365606828818,452.87096493111255,459.40530052186375,465.9395670970704,472.4737642968702,479.0078917595937,485.5419491217552,492.0759360180428,498.60985208130984,505.14369694256476,511.6774702309619,518.211171573791,524.7448005964693,531.2783569225303,537.8118401736139,544.3452499694583,550.8785859278883
5661.016949,166.30740889677026,172.86924864845486,179.445582747838,186.02189366884568,192.5981489121159,199.17434811251567,205.75049097482386,212.32657720250876,218.9026064975619,225.47857856048995,232.05449309030737,238.63034978452828,245.20614833915835,251.78188844868765,258.3575698060824,264.9331921027768,271.5087550286651,277.1470254851738,284.65758278813246,291.23507966189726,297.81040675684153,304.38566813350116,310.960868235118,317.53600675137227,324.1110833595716,330.6860977353865,337.2610495528654,343.8359384844258,350.4107642008469,356.9855263712601,363.56022466314096,370.1348587423007,376.709428272877,383.2839329173255,389.8583723364116,396.43274618920077,403.0070541330503,409.58129582360027,416.1554709147646,422.7295790587223,429.3036199059077,435.8775931050022,442.45149830292655,449.0253351448269,455.5991032740711,462.1728023322365,468.7464319591011,475.3199917926346,481.89348146898885,488.4669006224885,495.0402488856215,501.61352588902867,508.18673126149594,514.7598646299435,521.3329256194162,527.9059138530748,534.4788289521841,541.0516705361056,547.6244382222865,554.1971316262492
5694.915254,167.30326164465512,173.9043938499426,180.52010719542983,187.1357972237489,193.751431240931,200.3670088796565,206.9825298429366,213.5979938324639,220.21340054844543,226.82874968959467,233.44404095312368,240.05927403473495,246.67444862861433,253.2895644274223,259.90462112228636,266.51961840279336,273.1345559569806,278.8065885120311,286.36211921201345,292.9790022946032,299.5937026056849,306.2083368049593,312.8229093622744,319.43741996545214,326.05186828986837,332.66625400925113,339.28057679569685,345.89483631966186,352.5090322499537,359.1231642537227,365.73723199645343,372.3512351419552,378.9651733523552,385.57904628808797,392.19285360788706,398.8065949687768,405.4202700260625,412.0338784333223,418.6474198423979,425.2608939033852,431.8743002646256,438.48763857269734,445.1009084724051,451.7141096067719,458.3272416170296,464.940304142609,471.55329682113154,478.1662192883982,484.77907117838396,491.3918521232219,498.0045617531999,504.61719969674743,511.22976558042694,517.8422590289252,524.4546796650418,531.0670271096799,537.6793009818379,544.2915008985972,550.9036264751144,557.5156773246097
5728.813559,168.29911439254002,174.93953905143033,181.59463164302164,188.2497007786522,194.90471356974604,201.55966964679732,208.21456871104928,214.86941046241907,221.52419459932906,228.17892081869937,234.83358881593986,241.4881982849417,248.14274891807034,254.797240406157,261.45167243849056,268.1060447028099,274.760356885296,280.4661515388885,288.0666556358945,294.7229249273092,301.3769984545281,308.0310054764173,314.6849504894308,321.3388331795322,327.99265322016515,334.6464102831157,341.30010403852833,347.9537341548979,354.60730029906057,361.2608021361853,367.91423932976545,374.5676115416096,381.2209184318336,387.8741596588503,394.5273348793626,401.18044374835284,407.83348591907475,414.4864610430444,421.13936877003124,427.7922087480481,434.4449806233436,441.09768404039187,447.7503186418837,454.40288406871707,461.05537995998804,467.70780595298163,474.36016168316195,481.0124467841632,487.66466088777923,494.31680362395565,500.9688746207785,507.6208735044661,514.272799899358,520.9246534279068,527.5764337106668,534.2281403662852,540.8797730114916,547.5313312610887,554.1828147279425,560.8342230229704
5762.711864,169.2949671404248,175.97468425291808,182.66915609061354,189.36360433355543,196.05799589856116,202.7523304139381,209.446607579162,216.14082709237417,222.83498865021267,229.52909194780415,236.22313667875605,242.91712253514854,249.61104920752643,256.3049163848916,262.9987237546946,269.6924710028266,276.38615781361125,282.12571456574574,289.7711920597755,296.4668475600152,303.1602943033715,309.85367414787544,316.5469916165872,323.24024639361227,329.93343815046194,336.6265665569803,343.31963128135965,350.01263199013397,356.7055683481674,363.39844001864793,370.09124666307764,376.7839879412641,383.47666351131187,390.16927302961284,396.8618161508383,403.5542925279289,410.24670181208677,416.93904365276654,423.63131769766454,430.3235235927112,437.0156609820616,443.7077295080865,450.39972881136214,457.09165853066213,463.7835183029467,470.47530776335435,477.16702654519264,483.8586742799275,490.5502505971744,497.24175512468895,503.9331874883571,510.6245473121848,517.3158342182891,524.0070478268887,530.6981877562921,537.3892536228902,544.0802450411454,550.7711616235804,557.4620029807704,564.1527687213313
5796.610169,170.2908198883097,177.00982945440583,183.74368053820535,190.47750788845872,197.21127822737614,203.9449911810789,210.6786464472747,217.4122437223293,224.14578270109627,230.87926307690884,237.61268454157226,244.3460467853552,251.0793494969824,257.8125923636262,264.5457750708986,271.27889730284323,278.0119587419266,283.7852775926031,291.4757284836565,298.2107701927211,304.9435901522148,311.6763428193335,318.4090327437436,325.1416596076923,331.8742230807588,338.6067228308449,345.3391585241914,352.0715298253701,358.80383639727427,365.53607790111056,372.2682539963898,379.0003643409186,385.7324085907901,392.46438640037474,399.19629742231365,405.9281413075049,412.65991770509925,419.3916262624887,426.1232666252978,432.8548384373741,439.58634134077965,446.31777497578116,453.0491389808409,459.7804329926072,466.5116566459051,473.24280957372696,479.9738914072224,486.7049017756918,493.4358403065695,500.16670662542236,506.89750035593556,513.6282211199033,520.3588685372202,527.0894422258701,533.8199418019173,540.5503668794956,547.2807170707991,554.0109919860719,560.7411912335984,567.4713144196921
5830.508475,171.28667263619457,178.04497465589358,184.81820498579722,191.59141144336203,198.36456055619126,205.13765194821974,211.91068531538744,218.68366035228448,225.4565767519799,232.2294342060136,239.0022324043885,245.77497103556198,252.5476497864385,259.3202683423609,266.0928263871028,272.86532360285986,279.63775967024196,285.4448406194604,293.18026490753755,299.95469282542723,306.7268860010583,313.4990114907916,320.2710738709,327.0430728217724,333.81500801105545,340.58687910470945,347.358685767023,354.1304276606062,360.9021044463808,367.67371578357324,374.445261329702,381.2167407405732,387.98815367026845,394.7594997711377,401.5307786937891,408.301990087081,415.0731335981116,421.844208872211,428.6152155529312,435.3861532820371,442.1570216994976,448.92782044347587,455.6985491503194,462.46920745455225,469.2397949888637,476.0103113840997,482.78075626925374,489.551129271456,496.32143001596467,503.091658126156,509.8618132235142,516.6318949276223,523.4019028561514,530.1718366248521,536.9416958475425,543.7114801361009,550.481189100453,557.2508223485637,564.0203794864267,570.7898601180526
5864.40678,172.2825253840794,179.08011985738136,185.89272943338904,192.7053149982653,199.5178428850063,206.33031271536058,213.14272418350018,219.9550769822396,226.76737080286347,233.5796053351183,240.39178026720472,247.2038952857688,254.0159500758945,260.82794432109563,267.63987770330687,274.45174990287643,281.2635605985573,287.10440364631773,294.8848013314186,301.6986154581332,308.5101818499015,315.3216801622497,322.13311499805644,328.94448603585244,335.75579294135247,342.56703537857413,349.37821300985445,356.1893254958422,363.0003724954881,369.8113536660358,376.62226866301427,383.4331171402275,390.24389874974673,397.0546131419001,403.8652599652646,410.67583886665705,417.4863494911239,424.2967914819331,431.1071644805644,437.9174681267001,444.72770205821564,451.5378659111705,458.3479593197982,465.1579819164973,471.9679333318221,478.7778131944726,485.5876211312842,492.3973567672203,499.2070197253598,506.0166096268894,512.8261260910928,519.6355687353409,526.444937175082,533.2542310238337,540.0634498931678,546.8725933927061,553.6816611301067,560.4906527110554,567.2995677392545,574.1084058164137
5898.305085,173.27837813196425,180.1152650588691,186.96725388098088,193.81921855316853,200.6711252138214,207.52297348250136,214.37476305161283,221.22649361219467,228.07816485374704,234.92977646422307,241.78132813002085,248.6328195359755,255.4842503653505,262.33562029983017,269.1869290195109,276.03817620289306,282.8893615268727,288.76396667317505,296.58933775529965,303.4425380908391,310.2934776987449,317.14434883370774,323.9951561252127,330.84589924993253,337.6965778716494,344.5471916524387,351.39774025268605,358.24822333107835,365.09864054459484,371.9489915484982,378.79927599632646,385.6494935398821,392.4996438292251,399.3497265126625,406.19974123674024,413.04968764623305,419.8995653841362,426.74937409165517,433.5991134081978,440.44878297136313,447.29838241693375,454.14791137886505,460.99736948927665,467.8467563784423,474.69607167478057,481.54531500484524,488.39448599331485,495.24358426298454,502.09260943475493,508.94156112762283,515.7904389586713,522.6392425430596,529.4879714940138,536.3366254228154,543.185203938793,550.0337066493113,556.8821331597604,563.7304830735467,570.5787559920827,577.4269515147744
5932.20339,174.2742308798491,181.15041026035692,188.04177832857272,194.93312210807184,201.8244075426364,208.71563424964222,215.6068019197256,222.49791024214989,229.38895890463067,236.2799475933278,243.1708759928371,250.06174378618226,256.9525506548066,263.84329627856494,270.73398033571505,277.6246025029097,284.51516245518803,290.4235297000324,298.29387417918065,305.18646072354505,312.07677354758835,318.96701750516587,325.85719725236925,332.7473124640127,339.6373628019462,346.52734792630326,353.4172674955176,360.30712116631446,367.1969085937018,374.0866294309612,380.97628332963876,387.86586993953665,394.7553889087035,401.64483988342494,408.5342225082157,415.4235364258092,422.3127812771484,429.2019567013774,436.09106233583105,442.98009781602616,449.86906277565174,456.7579568465597,463.6467796587552,470.5355308403874,477.4242100177391,484.31281681521784,491.2013508553453,498.0898117587489,504.97819914415,511.86651262835636,518.75475182625,525.6429163507786,532.5310058129448,539.419019821797,546.3069579844183,553.1948199059166,560.0826051894144,566.9703134360386,573.857944244911,580.7454972131355
5966.101695,175.270083627734,182.1855554618446,189.1163027761646,196.04702566297507,202.9776898714515,209.90829501678297,216.83884078783834,223.76932687210507,230.69975295551427,237.63011872243254,244.56042385565326,251.49066803638905,258.42085094426267,265.3509722572996,272.28103165191914,279.21102880292636,286.14096338350345,292.0830927268897,299.99841060306176,306.93038335625107,313.86006939643164,320.78968617662395,327.7192383795256,334.64872567809266,341.578147732243,348.50750420016783,355.436794738349,362.3660190015505,369.2951766428086,376.2242673134238,383.15329066295095,390.0822463391911,397.0111339881817,403.9399532541874,410.8687037796912,417.79738520538524,424.72599717016067,431.65453931109954,438.58301126346447,445.51141266068913,452.4397431343697,459.3680023142543,466.2961898282333,473.22430530233254,480.1523483606976,487.08031862559034,494.0082157173757,500.9360392545131,507.86378885354526,514.7914641290898,521.7190646938285,528.6465901584971,535.5740401318758,542.5014142207788,549.4287120300436,556.3559331625219,563.2830772190681,570.2101437985305,577.1371324977388,584.0640429114959
6000.0,176.26593637561876,183.2207006633324,190.19082722375643,197.1609292178783,204.13097220026657,211.10095578392378,218.07087965595102,225.04074350206017,232.01054700639793,238.98028985153724,245.94997171846956,252.9195922865958,259.8891512337186,266.85864823603424,273.8280829681232,280.7974551029429,287.7667643118188,293.74265575374704,301.70294702694264,308.674305988957,315.643365245275,322.612354848082,329.58127950668194,336.55013889217275,343.51893266253967,350.48766047403245,357.4563219811807,364.42491683678656,371.39344469191553,378.36190519588644,385.33029799626314,392.29862273884555,399.26687906765994,406.23506662494947,413.20318505116626,420.17123398496125,427.139213063173,434.1071219208217,441.0749601910978,448.04272750535245,455.0104234930876,461.9780477819488,468.9455999977125,475.91307976427754,482.8804867036562,489.84782043596306,496.8150805794063,503.7822667502774,510.7493785629404,517.7164156298232,524.6833775614069,531.6502639662161,538.617074450807,545.5838086197606,552.5504660756687,559.5170464191269,566.4835492487219,573.4499741610219,580.4163207505668,587.3825886098566
